4.0209665,290.16895,-77.87881
3.3682132,172.94661,-844.4735
3.1516593,-24.089024,32.475533
3.134604,550.5244,-175.96747
4.053262,-281.06934,-353.00665
3.3227038,-548.2709,-189.70734
4.2021575,-166.16,-251.7948
3.9930663,538.7964,-870.3535
4.003446,300.25757,-813.53925
2.7304845,49.237133,-324.55768
4.45541,-602.07733,360.50528
3.4849286,-580.61475,-335.64627
3.0527234,986.7936,133.36377
2.1884353,-463.70096,292.2706
3.371941,-361.29163,-88.579475
3.608752,85.61376,-27.584984
2.665265,-409.0995,222.62665
4.1389294,-64.461296,268.0033
1.7123313,-1.4554783,-403.39926
4.4389405,450.22052,51.554314
3.2080026,250.52086,474.72745
3.3813968,-579.49786,122.88354
3.4531384,394.3969,302.03394
3.5677876,-602.6746,198.72003
3.4313197,-312.6427,9.286386
1.8337617,6.7649503,-453.0721
3.4144094,261.4182,370.35928
5.9666023,73.52669,731.68744
2.7054343,-156.2951,-641.88196
1.5198293,-56.44605,-511.4498
3.7600951,-221.15875,-451.16754
3.195818,-22.719967,-12.48429
3.1611872,609.82965,718.1805
3.4337654,204.91028,-45.133827
3.1017175,297.21857,-111.681145
3.8644156,434.11508,-735.72705
3.3002226,-292.63766,-30.926964
3.5760531,224.7366,-744.1117
3.909688,-399.48276,410.78836
4.761817,-829.735,414.62662
3.131237,-254.2615,-13.696998
2.5045733,93.69728,-584.8732
3.731371,-124.77845,-25.505821
3.2491527,-58.912,677.7791
3.9553542,140.10379,-227.63805
4.1884136,200.39871,108.386185
3.0588717,-188.7002,-804.488
4.1611495,54.67194,-65.89678
5.6670494,-284.04672,423.87595
3.9928703,-12.314396,508.39548
3.614492,407.29385,-542.2288
3.2898517,267.51926,567.6743
4.0618024,-175.83087,-192.79474
4.1429486,705.42725,65.53814
3.5806952,-674.82074,-146.17981
2.32679,-551.8876,135.3183
2.8027625,751.16437,680.32355
2.1301446,-584.59924,610.6872
3.0670247,391.24185,472.85516
4.0016165,-155.79152,151.76674
2.8318048,774.88306,629.7201
3.7658157,614.61584,238.5655
4.10226,-326.84683,159.86714
3.8047667,81.51935,31.16845
3.0261693,194.5216,-362.6547
3.3037696,-483.29407,-700.01636
3.3599668,-344.48615,482.4964
3.0334191,-20.171879,-278.73474
1.9362328,-121.222336,822.0699
2.8167539,748.5665,578.6541
3.8135543,-176.36258,-290.54962
3.620305,619.1182,361.83395
2.4973629,-245.42133,93.815605
1.779875,-857.63257,275.93744
3.2948754,299.99036,226.05438
3.715004,-842.87866,-31.352577
3.8152423,867.8153,-641.63776
3.774951,-737.3508,-525.89233
2.9345832,375.43826,-327.3616
4.3655214,-221.23714,116.69746
3.6773117,-170.72806,518.8945
2.643968,171.7674,-363.30173
3.07964,-196.6724,-569.54974
3.2332888,382.16992,725.34106
1.8262498,-299.23615,88.10519
3.8486145,193.98294,67.10729
4.24818,-386.40973,-957.07306
3.295403,569.86115,-294.71057
2.7722669,9.599972,-323.00082
3.4697447,-216.38469,764.6444
3.8046803,-238.19365,-205.884
3.1470127,-545.6587,0.39064872
1.182971,-26.468685,344.1837
4.5025845,-924.26105,90.88354
3.6202464,-301.42383,-195.71555
3.3463225,398.7768,-581.4959
4.205974,163.30214,-229.18518
4.343924,-324.08008,731.3458
3.359445,-531.7169,-709.6743
3.4015362,-579.32135,591.17175
3.5131907,-291.65155,-781.4959
3.6967428,-380.3715,692.7518
2.670035,780.2207,-93.26569
3.7091832,-331.39053,-284.0128
3.1221423,869.56226,540.491
4.258496,661.4709,125.17747
3.9859538,-663.6043,-756.4234
3.811226,149.09813,-38.453117
1.961129,-599.12024,531.41656
5.8387327,99.867355,472.58688
3.8660507,320.87512,48.375084
3.4270806,347.56546,262.21182
4.5732007,705.45483,833.66376
2.816365,-120.091,500.88358
2.293885,-117.3779,542.7562
2.610827,207.09918,-446.76532
2.995624,-200.3873,-463.58585
3.4045472,-442.31235,-153.23483
3.6401362,-629.8702,-676.2708
9.182082,104.874374,907.5137
3.0545373,582.5897,-167.50903
2.268451,-569.51447,127.834526
3.7917209,363.35706,280.98325
2.5048075,-142.53381,655.8149
4.0925097,436.49988,-906.67615
3.6669865,-286.56998,411.6708
2.938551,-62.499958,407.12756
3.0263953,3.3468213,819.9792
4.0577397,-409.5466,-947.2435
3.9562068,-54.359867,-26.446655
3.7575517,-219.39145,647.94977
3.3276808,367.31793,723.77814
3.644664,-7.6556697,279.35263
2.5233817,923.9698,803.00195
2.433948,216.84145,-452.16476
2.6745882,453.4619,871.80646
3.2794225,151.9412,32.429253
3.659391,-329.74762,-836.6493
3.215629,540.1618,-282.33725
2.9534974,-508.00397,136.00044
5.0253954,-936.29407,395.06204
3.0638928,409.07693,-724.87115
3.3495336,985.80634,-304.50906
2.3258245,-718.46173,760.3158
2.3947453,-218.59647,846.95056
3.3289638,34.972652,-978.2283
4.0739007,63.77502,-829.60223
4.406372,-282.69128,347.88214
2.294025,156.0239,-326.7777
3.5268188,-56.961704,-115.66868
3.688354,-126.89821,-729.8013
3.6398616,-514.15656,-436.05637
4.2649374,604.8202,106.44988
2.8158903,-190.28018,302.88388
3.578977,908.83875,-918.71564
3.291657,-503.7588,-708.0785
3.5054092,149.83502,335.8456
3.6177063,136.39233,332.98245
3.0614476,-189.12186,974.0672
3.7136254,-268.06155,-638.5509
4.320616,500.04968,95.84254
6.2430973,-862.5576,606.7275
3.689466,728.532,-611.39014
4.0719275,682.30475,-832.18427
3.935128,-366.2166,300.9597
4.4984465,-634.2,384.58786
3.4980035,-967.08606,-226.3349
1.9420409,-36.927067,-507.4874
4.1392813,-414.049,304.4341
4.0980754,123.381836,-921.5084
3.4698539,622.67444,42.147972
3.817698,-71.577576,-904.24744
4.2155967,-205.94792,137.55655
3.1224523,740.5925,-249.87346
3.167943,-391.43637,584.0713
3.8395295,-611.0591,-761.43634
2.933052,-779.9871,-57.289406
3.8183584,88.417206,305.82034
3.7892547,-719.20605,-638.9404
4.085761,530.45,682.06635
3.6232295,-592.6386,-643.49316
3.3124642,825.1786,-228.5916
3.421513,780.48535,268.6318
3.4770546,534.58203,348.0615
3.7025552,639.3105,176.76833
3.8667824,111.51083,141.25319
4.101394,675.09796,-920.9898
2.9859672,824.9651,88.29775
1.8034472,-237.73932,122.04748
3.760846,59.231853,-36.850662
3.6755528,-99.93829,-882.6649
3.5338264,-704.5162,-311.71634
3.508881,-277.50833,-15.235435
3.337294,-574.81055,-268.99625
0.87388134,-98.48898,791.67474
4.0856156,145.64389,97.32272
3.1327713,-30.719173,814.8171
2.2586179,817.2418,-156.73657
3.6155176,455.38184,86.35204
2.6968627,-129.18497,-602.9381
4.2314773,-284.50476,-400.6528
2.9040627,145.81812,-616.35474
2.8373008,184.05911,-484.5351
4.2031226,738.6233,151.7434
3.1039891,782.925,-152.23807
3.8545852,27.92065,-926.50555
3.98214,263.6425,-202.53775
3.5268955,380.6009,284.25763
4.0383797,-49.663864,355.49576
3.9255066,-669.8619,112.572136
2.5980186,479.80838,904.5898
2.8990717,702.9355,565.98895
3.6668339,-885.7405,-108.90278
3.1422524,864.4915,-473.3005
4.0936313,-31.169956,-869.35675
3.6082604,-275.26996,415.9128
3.5556693,-574.4964,-818.5388
2.0971208,107.893326,-412.9039
4.0970025,448.18658,-39.10035
3.6568685,-183.34369,-353.1284
3.087544,204.94302,-542.1277
4.2094526,-18.393818,362.85117
3.7044764,193.13042,-250.62466
3.7639449,-130.57294,-14.833861
3.8024735,-735.66223,-150.80833
2.7593584,23.636806,-70.15087
4.05057,-126.48561,-805.84076
3.5428138,-111.55258,-658.76495
1.8323791,-17.627201,701.46936
3.8044486,1017.6498,-805.49786
4.305505,-905.4148,97.25469
3.6288538,-345.91257,-5.5485296
3.653573,66.00009,-38.332542
2.3357334,494.40314,75.27218
2.2015176,697.9895,-150.18192
3.2972417,-388.10638,-163.88141
3.728023,-180.34781,-81.46815
3.2987103,615.61584,447.54385
2.7794096,-433.0946,-4.321265
3.0477605,856.56903,-355.1188
3.3457623,-334.31027,26.859612
2.6634183,276.00385,-416.4999
3.6764321,-752.0128,-476.39267
3.772225,595.9042,-604.16437
4.1965256,399.75162,144.49634
3.8383079,-284.751,176.49384
3.7554564,-531.3776,-907.26215
3.1353254,-884.5222,-251.80923
3.5668483,-542.4082,-459.217
3.3681207,-51.90575,-237.56586
4.2372046,-656.63983,435.9578
3.612009,-952.0601,-178.01657
2.528122,104.15681,702.9124
3.8070827,304.32904,-730.15765
4.5777783,-726.06616,134.22891
4.138751,258.93073,111.57168
3.6337206,-295.96753,457.669
2.9839473,754.9526,-24.401436
1.5967295,-475.94818,229.42073
2.4415774,959.68896,708.1567
2.1914525,115.0466,-525.5119
3.2629972,637.5947,-383.43942
3.187644,280.1968,-249.50452
3.7246919,383.42957,237.91214
3.693685,792.72473,-675.5694
3.8841786,500.31244,223.43242
1.6796393,-354.81436,700.33344
4.4028544,613.0686,79.4006
3.168675,190.004,-666.5818
2.0338206,-6.9355807,-497.9376
3.7569008,-115.69088,418.18576
3.6423125,-284.49857,173.80246
3.151957,-21.06934,-792.0037
3.6072373,-142.53885,389.63492
4.7340426,636.2106,553.7408
3.221393,-523.72107,-284.55524
2.12662,-408.16037,657.36426
3.737266,524.0161,721.4479
4.7481256,-956.3988,-985.5474
3.2358608,-660.578,-4.549903
3.2693334,-157.70885,-139.6283
3.6982894,789.4895,-687.07263
3.6365561,132.28357,232.13805
3.8699002,324.65424,120.24218
3.965372,312.17136,-161.9776
2.8591304,830.05756,58.157555
2.512075,555.8187,961.38336
4.120963,-74.157616,214.11925
3.4493976,-482.94757,-313.48196
3.818297,-295.77914,-481.66086
3.190455,-127.25679,-678.40564
3.4731975,-184.41487,-213.18509
3.414351,-575.1986,-575.26074
3.5533366,75.8988,-687.83185
3.93089,194.59738,792.50616
3.9875388,-566.45953,227.40193
5.5899544,32.46211,407.20657
3.3157582,707.89966,-33.287575
3.2086864,-140.82932,-726.3685
3.8755565,866.0204,328.81467
4.0421004,255.53812,-966.8856
2.540287,373.88654,475.506
4.072148,-87.78427,-32.949085
3.9722972,713.261,95.740776
3.6638465,394.62967,252.02557
3.1224518,-336.38666,942.0412
3.6594748,700.2396,-70.25175
2.9076838,-64.13336,-287.84842
3.6179233,-290.46878,-195.138
4.1281137,320.8009,-245.74603
2.354527,168.63232,-562.9033
2.7655358,885.76666,606.9082
3.9936504,317.53897,-166.15213
3.5509005,-699.1174,112.34872
3.8168845,-367.57675,-466.42157
2.2706628,279.69263,-199.89455
3.6958308,-745.0087,-602.717
3.5395598,-59.056797,-919.25256
0.6201072,-782.221,712.6424
3.397512,-210.8824,-238.94681
3.729467,597.3525,-845.874
3.2708962,297.11835,331.30795
3.8120008,-437.69193,-513.352
0.8018589,69.37007,492.44135
6.070691,-197.24937,505.6186
3.791335,-428.63297,111.901924
2.586533,703.76056,-272.78513
3.5167947,-151.44727,-278.0784
3.8625178,-235.17255,-486.69464
4.0333004,104.55487,65.35039
2.6847086,22.3157,-74.926186
2.864655,734.0499,550.1241
3.4802775,533.1262,558.0666
4.1673484,534.5392,-870.22253
3.383751,-605.46936,-257.53778
2.1018872,383.86432,-299.96176
2.4916282,109.54898,-594.4974
3.4169803,-323.3805,20.739693
3.1296964,-25.797298,-76.16352
3.1230607,826.7168,450.4066
3.3215666,536.03296,773.28796
1.0538092,-341.74985,974.78577
0.9211612,200.8461,713.75995
3.686974,-710.1691,-478.55518
3.6112435,213.24823,706.6888
4.1366224,-441.84442,405.66223
4.1575947,-517.6179,432.01828
2.6527495,-136.74585,-591.3838
3.0249104,-195.79324,-412.35892
8.076487,73.60258,437.49197
3.3409848,-472.9727,-675.94183
3.297861,-332.54617,-105.94077
3.5126305,341.46576,-195.05391
3.4618473,-613.52344,-162.27171
3.1978135,267.93506,-45.867134
3.0266194,-376.9227,156.08698
2.1670296,-596.3573,348.27597
2.4281182,-183.53676,-188.94809
4.2009654,-231.85051,173.2173
2.7133555,780.12585,731.62317
2.674521,939.2252,27.384178
3.2327409,-281.66907,-438.31693
3.6888967,-446.57837,83.05125
3.755961,-444.882,189.0251
3.5827813,507.99634,300.17868
3.7584257,-213.25162,-93.40531
4.1706243,177.45142,-842.75
2.9364047,286.08405,-454.4578
2.9700422,-47.63341,864.1337
3.158628,854.1874,-153.57947
3.6313434,126.47959,238.48065
1.8592696,52.498775,-479.7006
3.7355418,45.61691,63.045628
2.3267257,335.70956,891.44904
3.7964082,72.68318,79.69515
4.3113375,510.51685,109.39219
4.8768215,-904.9715,474.6567
3.870932,217.08058,144.36046
3.9361043,416.645,-702.6967
2.7411466,-630.3388,201.35764
4.01664,394.99023,151.37173
3.5473537,-255.61662,-38.04287
2.8858466,-177.53711,219.58984
3.6774297,-183.77533,613.8067
2.61155,-107.83929,31.497887
2.7516694,896.8739,681.3063
1.3328319,539.7818,156.70465
3.838903,86.028656,-704.0363
2.8421464,505.90332,-103.95298
3.528257,-672.7234,-451.7585
3.3424659,97.26968,-325.7407
4.388544,194.02853,432.22617
3.1840923,282.56125,407.3487
3.2398448,248.27603,-679.078
3.505383,-166.86409,379.93024
2.6916018,-180.6188,218.86922
1.0848541,-546.718,840.3842
3.5530925,-156.80042,685.00714
3.3261936,-330.67703,-70.07479
4.0684023,-155.21281,97.57218
3.5841115,-300.99628,603.41565
2.8975558,-385.1053,544.28815
3.5124564,-522.81824,-571.4116
2.7200131,175.7446,-415.40158
3.3868256,199.19531,225.5062
3.5485873,-664.929,780.2887
3.376614,977.949,444.56503
3.7069983,784.0199,-717.8185
3.4711013,-211.11813,357.67072
1.9185367,729.01794,5.1151667
2.9860005,460.11774,464.04498
3.9377265,-848.2882,-488.55457
3.7537098,-973.75006,-473.5336
3.0372624,34.578,-299.37006
3.9451842,498.5713,166.95403
3.0747209,291.7854,-343.2212
2.6529422,417.00452,-192.42258
4.279282,-3.3446193,183.78885
3.564032,-116.83971,-211.23126
3.5030637,-338.3074,-112.74326
3.720159,-204.30682,-371.62912
2.9948716,-116.62366,-126.97947
3.3070216,-183.81067,-640.8573
3.4520552,215.58183,421.11832
3.8436484,635.85583,295.37906
3.4592102,337.04916,922.1541
4.15536,-829.1893,965.44366
3.4319015,-658.3343,-276.5488
3.1065745,964.11,-169.03592
4.0989294,289.137,859.5289
4.0460067,308.01834,-940.9219
3.1665063,-222.5224,-265.9157
4.6344967,-7.933643,364.33252
2.4278262,104.60638,410.74347
3.6894495,251.75092,661.5139
3.1112094,-109.7283,-334.62244
5.5150256,5.0390706,533.4119
3.5257545,-334.9447,777.0843
3.9294577,298.46786,-140.29602
3.7092147,-91.92576,-111.801
3.7504878,-468.94376,-939.0148
3.304184,-77.93378,63.337067
3.5392718,538.36694,716.6073
4.2032194,477.71985,-17.62011
7.6400027,757.07855,942.57446
3.814362,491.16113,-213.33838
4.2540574,576.4108,131.7184
3.7757993,-458.5961,455.48953
3.7811112,-680.3501,-951.1102
3.9870703,18.06065,322.37778
3.1365228,-152.31885,-396.96423
3.5298002,-298.53546,612.29156
3.2883034,40.446804,-255.46109
3.3846536,226.47623,-591.5908
2.5145326,37.169613,-602.70996
3.983098,-77.01283,-36.577805
3.484013,704.13025,-413.89746
2.9596534,-49.774998,-662.1696
2.845879,611.0273,-422.87317
2.867351,573.92065,-561.9268
4.77303,-821.12976,530.86993
3.5464427,232.90314,301.51932
4.76496,-658.7631,328.6686
2.7419815,-458.03387,458.24423
2.470037,934.2981,-60.442726
2.1670966,-63.378864,-105.92176
2.3836799,164.21236,-305.42654
6.6728616,89.76207,754.0313
3.0650058,-190.26553,43.65513
3.5295324,-487.5686,-40.361275
2.8909655,107.61467,-72.20971
3.3256888,886.4263,-315.59808
0.6510744,-405.98648,921.1186
2.5556538,-608.92535,115.31875
3.244691,-354.7604,1021.989
4.1284385,397.62115,-50.289146
8.918997,719.5137,1119.7225
3.8825984,309.1676,169.20358
3.759748,64.4054,-10.511619
5.4134135,343.0991,920.3094
3.5484605,-485.60187,-38.447853
3.4489388,-76.37277,-212.3805
3.6170802,-277.90424,-708.2031
4.8682375,-622.48395,282.74313
3.0907254,439.52173,-520.84045
4.084452,123.29306,-922.9313
3.7498727,108.96069,-875.6132
3.3212962,-228.16138,-218.90271
3.8378108,-94.34574,221.97656
3.3855734,-452.11185,-52.14199
4.2226663,588.42145,19.287727
3.559708,525.6527,317.97165
3.2402253,793.1844,174.00458
3.3539815,-240.43298,-362.8452
3.932997,-139.9508,25.751427
3.9251647,480.8076,-222.4266
3.4233766,470.48758,325.5189
5.3662124,-745.5425,581.5803
4.9415913,-912.85065,426.71848
4.245987,545.9768,112.60241
3.1486154,349.46393,458.02036
3.8383465,-772.4127,-153.04579
1.212707,-256.13608,312.33017
3.485364,472.83185,146.08887
3.2091262,-164.67987,606.93256
3.290852,548.6698,493.453
5.1865554,628.2783,751.4543
3.1710339,-76.35783,458.72922
4.151387,306.24298,43.62504
2.3183131,459.62625,-61.369392
4.130065,510.63217,59.093483
3.3236403,718.1908,470.99173
3.3344269,178.26833,636.5608
3.7793765,-712.71265,-564.1373
3.6916356,491.6694,-568.915
3.4142485,26.233395,-265.12967
3.5449162,-184.36385,702.4306
4.571936,-471.9878,229.01369
3.5206778,-556.07153,988.45624
3.126968,718.5637,-65.59568
3.497909,-35.91972,237.32104
3.4048991,-535.96356,-296.20462
3.5945954,192.96278,174.70563
4.1341147,-248.85481,198.739
2.8338704,329.15408,-7.6071386
2.5824811,-823.7905,142.39905
3.4674902,-635.23065,6.0746393
4.303,674.6655,84.41802
3.5252185,-245.6567,-27.168892
2.975126,-396.94965,609.5602
2.9674115,392.1655,-283.65445
3.2152328,49.420254,-281.0867
5.589943,-306.89966,679.15967
1.8730626,32.807217,-443.0366
1.5231838,-139.17366,223.34778
3.5336976,-629.341,-459.25092
2.108642,117.63434,-442.02347
3.1115446,414.72186,-120.75953
4.4083285,421.84955,19.633522
4.686859,120.89139,415.00592
2.856452,345.63467,923.00146
2.9711943,-400.65198,201.07579
3.5224843,314.22684,-487.1464
2.318603,183.36887,-332.75238
3.3668451,606.21704,574.9101
3.1564953,-173.3228,62.504333
2.7710433,-188.68317,-386.50848
3.6267953,-289.21616,-207.68823
4.9124966,-883.0182,324.3909
4.447734,196.07797,718.6527
4.13721,192.97426,118.68778
2.393337,12.010067,969.2905
3.8887124,395.47247,302.427
1.8720884,-418.76538,57.74688
3.2297711,-213.8291,-559.5746
3.9253626,-979.97815,409.34595
3.6471972,-226.89565,-219.94095
0.89232206,-143.56229,680.4096
4.029205,-307.07462,290.64594
3.409655,-39.700016,-733.55145
3.5504458,-305.84518,-40.40374
3.4239779,-716.20764,-246.94339
3.4992194,562.4192,743.12445
3.2360806,-468.74826,520.05365
3.2475264,-147.64426,765.5763
3.400663,-433.815,-155.2443
4.1447277,-749.65216,188.87279
2.5659099,-77.04834,-658.7392
3.5857654,-275.15457,-181.87122
4.128383,695.70233,173.14853
3.3811898,519.4585,708.8111
2.5426269,119.01369,-418.39548
3.7813811,251.65582,-729.08386
3.1783986,534.27747,-184.45255
3.6689506,-248.96799,-582.81635
2.4749303,277.57925,-494.49582
3.3017871,108.78304,50.24218
4.178922,-164.23047,-235.13702
3.2409015,972.3611,-553.0603
3.9666638,-915.68286,-229.28435
3.9181123,-870.33167,-601.52826
4.5683527,-459.4983,248.99686
2.8130689,322.24698,-384.22964
3.607285,-232.84845,-128.05429
3.909157,-252.76169,63.15091
3.0443845,-117.508575,-315.85458
3.384334,-420.10355,-199.20618
3.2254586,-367.81976,-229.11954
3.7212653,-398.21,109.29592
4.8875747,-805.2843,-884.90295
0.8435211,98.31201,461.18784
6.4765167,28.944359,592.96027
2.9869666,486.58115,-432.31577
3.5322318,886.9193,-726.1843
4.1315703,-247.436,-380.61737
2.4926848,255.80316,-368.3082
3.88326,-91.73956,395.00522
3.6398435,-850.60657,-513.2477
3.9682794,-242.13086,-443.2915
4.164125,32.62808,-773.67206
1.8122811,-36.808414,-542.7861
4.0006375,256.70517,-36.230362
3.2630486,-120.2442,-274.44263
2.7942545,-470.78784,584.4409
3.4320807,-417.86465,-702.6883
5.2998004,24.655785,271.2728
3.84894,-452.2952,447.51996
3.8952308,-364.72534,-502.5992
4.378507,-35.104214,299.16672
3.9346566,556.0354,-753.625
3.706574,-284.44916,-672.36096
4.4931374,520.3501,47.261787
3.5481088,-30.93362,755.12177
2.8953393,-48.44887,504.80542
4.6699057,-476.90704,237.497
3.2247834,-883.26917,-55.421333
3.9294658,513.3495,-237.38889
4.254751,-41.100224,725.0766
3.5824478,-748.3724,15.379144
3.2736726,647.5106,-665.50385
2.9425914,-419.7269,512.37427
3.7993438,-326.3814,432.7769
3.3527703,-139.84712,200.55957
2.837957,859.093,562.38574
3.5493522,774.0789,-666.5708
2.2997327,59.531628,-583.16095
2.0339246,-42.08115,-382.30566
3.1019232,-422.17245,471.8779
3.812483,-58.261795,371.63638
2.0028589,128.9171,716.7129
3.6289248,369.51782,-345.2535
4.6013126,79.69174,435.46713
4.096657,249.14459,47.79969
2.9920664,-263.57468,15.361657
1.7609465,-18.492313,158.97894
3.8680754,-921.00946,754.76227
2.5466151,-100.488434,-449.487
2.6954474,-189.2608,-229.91803
2.9090877,-130.39386,-205.22885
3.7659354,-253.22745,-481.43094
3.5600257,-569.90485,-539.33636
4.9278827,1.9206203,351.49786
3.8046148,-24.904774,479.7321
3.13989,-272.50162,176.65994
3.4153676,-37.302357,-222.04167
2.414218,189.43092,74.00645
3.6223903,-832.01666,-239.76428
2.941134,968.3236,-141.81989
3.1691146,-216.30646,-361.1098
3.2707753,-471.4834,-265.12387
1.9182706,-272.85175,130.26689
3.852631,-835.02423,-564.7674
4.6486163,-613.6082,773.3774
3.7357252,-457.9002,686.2906
3.3933272,-383.146,-189.97107
3.7217631,645.1922,270.06314
3.6470218,-638.7014,-583.20087
4.751319,-857.2054,450.76474
3.4009204,356.57144,-298.09543
3.644813,302.5473,356.56357
1.5002005,94.91286,693.9718
2.9539237,376.00525,-543.12
3.2579045,-134.1301,-312.72556
3.9480376,4.7832,-192.46272
3.1665542,79.35386,301.12967
3.4882665,-405.7341,823.0765
3.458293,-318.97726,485.54556
2.145738,-701.67194,336.91055
2.5116649,52.96803,336.4662
3.2127643,623.3951,482.73172
3.2032804,-8.223042,996.77924
2.1131968,-173.03314,-33.58155
3.9598413,263.3397,-796.2834
3.6272187,-321.7749,-243.05649
3.550075,-579.5973,-377.6981
3.4860082,-318.39276,-113.23707
2.9454124,-39.767895,479.56973
3.2886615,-124.125854,-319.84015
3.9270053,-105.20029,-266.21527
3.86405,430.86984,737.80023
2.2489526,-483.77704,386.15378
3.2006989,-996.5382,-304.0681
3.5514584,16.4604,-127.71659
3.377808,-198.83676,-677.88684
2.394525,69.50778,-264.66272
4.0055075,-552.2644,448.88245
3.65723,-126.16976,366.72482
3.7086592,-426.5891,92.53118
3.0647006,-122.16035,590.7372
3.4942842,784.4375,-24.203712
4.174394,738.2065,132.76
3.8349986,706.51624,76.423454
3.8760912,-524.11285,784.8751
0.81083775,307.57385,405.72885
4.5406446,-770.1807,84.810356
2.757052,134.4947,-594.6143
3.1645403,-411.51556,723.824
3.9138465,-179.19543,778.6075
4.057182,636.5586,-904.8338
2.452824,62.42927,-259.37808
4.0505095,306.51712,176.88289
3.5238533,-176.18288,409.99783
4.173286,-724.7943,137.8573
2.9078727,-20.766064,614.86523
4.1136746,221.50287,-808.2019
3.4531598,67.56481,-117.307236
3.5260882,-297.5569,-1.1863166
3.7642312,149.39232,194.24265
2.145907,-111.95941,-144.27826
3.5365958,-339.68286,731.3653
3.4130712,-387.72162,-489.28314
3.621748,113.984116,164.65381
3.5815415,-492.7705,-390.72015
3.746451,-474.46307,-476.55435
3.8375754,-298.74335,-316.38058
3.7532954,-275.05963,-234.38126
3.0317805,-516.2102,550.4262
4.0490203,16.855587,-842.36835
2.735023,12.069073,-97.125435
4.7303143,-704.5758,177.13235
3.6693006,423.86615,348.539
4.3043923,-113.66455,-306.77466
4.2665944,-212.68758,134.62831
3.345079,449.27094,517.4971
3.8797178,216.17426,648.1594
3.254416,-262.048,393.5419
3.6300628,161.61908,50.401886
2.7850718,-220.99352,-243.49243
3.7193484,116.90247,-63.29193
3.7190318,923.176,-928.52124
3.102921,-61.16286,-142.82043
4.124852,316.4274,45.413795
3.6174293,9.939579,-131.66997
3.2415214,744.219,-510.6321
3.343596,666.3356,-309.99503
4.6072483,-170.64066,198.95328
5.2536063,19.764576,150.43056
2.8671587,-425.39197,282.00803
3.7129426,378.01703,-540.9834
3.2472866,-158.29015,418.11697
7.476543,651.4441,828.57416
3.7488236,-286.35938,-255.69168
3.1652608,949.97394,402.00974
7.4505296,756.03375,757.82574
5.523435,36.5623,257.6432
3.7660613,267.4049,-62.678734
4.657509,-79.50143,233.14743
3.5830274,868.3502,-608.0512
3.1237721,28.11242,432.44223
3.506393,-274.6429,2.821084
3.4724288,-112.774,-137.76447
3.6653004,166.77888,78.225174
3.0020425,154.68494,91.396545
3.274269,-37.667927,97.76917
3.7394328,416.0441,619.8769
2.602075,-151.22972,-143.22028
3.2873497,-59.39622,715.2259
3.8013368,-202.62119,-679.8917
1.0452886,-39.530216,414.83707
3.4062834,-592.3172,-295.19412
3.9446855,591.68335,-77.66558
2.6457725,-816.11865,108.66457
1.9755597,-129.66733,-36.10746
3.142976,-521.8067,684.3619
3.9607882,306.1435,-901.85095
3.3746362,-417.46567,-167.41513
3.5598063,356.2481,-684.11285
3.4052043,42.999996,-69.313225
3.208129,-932.56635,586.7699
1.9869659,-449.06595,568.7996
2.1458879,-389.1793,305.79782
4.028333,-169.48853,-287.27762
3.214127,-511.58456,-209.60373
3.2429414,-177.3359,-929.18695
3.9579985,-139.14398,82.36996
4.057818,-629.739,60.385323
3.268519,368.19363,-335.8163
3.5089586,-364.57275,77.21841
2.6538796,-176.27496,-560.73895
3.6042156,-601.0368,-84.74398
4.280358,315.27905,-59.040665
3.1978407,-101.47829,-122.400246
3.4772005,-410.09793,193.93105
3.0716846,-212.94206,608.42914
2.9801536,218.2795,59.133904
3.1677775,551.59375,-533.93195
4.093505,-640.3887,78.56025
3.7257466,-401.74908,-881.03937
3.5376039,-16.979954,-723.8246
3.915188,224.98361,43.096092
3.726028,-411.0819,-382.68454
4.3356,-623.5995,477.5204
3.8252113,150.75974,-22.410065
2.7612572,-393.12756,570.5125
4.0348425,-774.85535,80.179985
4.834957,-922.02997,471.76462
3.4589171,-258.3189,-91.16227
4.5225387,-22.765774,991.05396
3.9465404,518.43085,-719.7064
1.911819,68.93701,-478.16202
3.3921046,510.5725,-247.26733
3.4705768,-340.30365,517.80365
4.528073,48.435005,190.53198
3.510569,-600.9282,-421.32693
3.1329741,817.5425,-421.05927
1.2949295,136.09601,635.39984
4.1986556,-160.15422,217.10081
3.6780415,-219.6983,283.3328
2.9348414,400.8246,564.4414
4.979663,615.69904,839.6186
3.4795022,-677.94165,-241.70244
3.7782986,-163.01811,224.36697
3.5525975,754.35803,-545.91125
2.4679542,498.79614,-357.18863
3.5843616,-103.84317,-25.590645
2.829105,-494.0334,-23.818245
4.5918355,454.56006,266.62378
3.9771924,577.06537,-61.785698
3.8237472,-312.78934,-325.7418
4.1427217,-251.09595,-320.10422
0.67958117,612.0802,506.68018
3.383489,-835.6095,216.65018
2.980681,375.99393,-155.90727
1.2433555,-381.45294,341.04947
4.776722,-199.9664,578.12585
3.746842,-668.6555,-605.6215
2.6430352,28.023533,983.71234
2.7400613,-87.24652,-352.34332
3.4240174,-285.5169,-802.4156
3.4200401,-272.10666,-120.265114
3.7383513,641.86755,252.56517
3.5660005,-556.46533,-444.69604
6.509213,54.114307,408.72324
4.3887978,29.230427,463.3582
3.0455408,396.57278,416.87582
3.9302993,364.3513,-194.55246
2.9263015,94.84885,-286.56863
3.962563,279.7349,-897.5353
0.7704146,-226.75476,659.606
3.5036473,-450.30563,654.8763
3.831943,-129.43594,-95.88273
4.1492815,575.7026,-24.703926
3.0586352,-406.92114,71.4977
2.9414296,701.89124,515.01666
3.200585,808.28455,-432.17538
1.5037584,-629.38153,283.8282
4.211309,518.9977,129.98648
2.2672892,-215.83044,229.8375
3.519133,-192.15173,-665.9113
2.4432065,17.68578,222.95723
3.3766913,398.62656,-463.66412
3.4959614,-608.87177,-50.5727
4.2957373,-174.26288,530.8595
3.8744655,384.8071,-678.83374
2.7401605,367.20645,-421.5353
4.2336264,335.77866,94.65871
3.5259376,349.6737,229.78485
4.2145133,212.77373,-981.02277
3.812509,893.88635,-781.6326
3.160068,208.5484,-368.84213
3.4351726,84.66898,-256.98575
2.927424,775.79114,-80.01725
3.1345782,-520.9397,-254.45303
2.7392125,921.8097,766.7034
3.6599793,-489.91266,-613.03766
4.096745,174.5293,-193.50117
7.2896256,562.2481,825.99585
2.9893966,-195.47461,-808.5203
3.1949172,556.82214,879.00415
2.7513604,158.80566,-402.53043
3.0700574,841.90686,-8.797858
3.3169427,694.4784,-74.10502
3.4572034,819.3075,487.83878
3.4019494,940.131,-22.7985
3.8024907,-455.3305,-923.1235
1.7895269,-138.84525,164.3843
2.1712165,139.43332,-460.33408
2.8460674,16.84132,-70.66224
3.5602288,519.5818,-605.8441
3.6146874,800.9183,-552.6978
2.2129245,55.229275,-367.2411
4.163786,-278.41528,362.8362
3.4740987,175.97017,-192.81839
2.9821153,95.07056,532.7593
3.8212428,185.59044,-61.724503
3.173047,558.9,873.3774
1.2217457,-488.9151,307.02365
3.2320967,-646.629,144.96036
4.13112,348.78186,-17.242805
2.5213485,180.85507,-442.03525
3.078403,-137.85852,-813.3183
3.7202334,860.3135,-675.2089
2.9659972,-180.47397,-404.52747
3.5761285,-583.6904,-712.86475
3.3790507,-52.56763,-165.46454
4.0910254,-90.60276,134.09143
2.2812304,-74.40416,202.93417
4.174128,295.68353,90.78647
3.7844603,-534.1037,490.33255
4.500363,-846.239,408.37027
4.925495,-46.705425,225.37625
3.072863,436.27365,-489.46304
3.1783905,-61.956898,515.22107
3.2148795,233.25008,451.80948
3.8282118,-810.5793,-460.62894
1.2480597,-69.577545,-452.38266
3.5896735,-291.00345,-54.97625
2.5033984,771.79016,963.5704
3.5825326,-214.93289,314.3748
3.705688,623.7737,-636.49274
3.7812319,-64.46669,243.46027
2.278463,364.13965,-374.28168
2.2693925,380.8391,247.97078
3.8069081,929.41095,147.34116
2.3548412,271.21484,199.0925
3.6250005,311.4888,-230.8483
3.8536153,-137.31308,-36.39142
3.0399776,182.25519,-599.607
3.851812,869.62354,-676.9795
4.1561975,609.593,699.6419
1.5133681,145.46817,623.839
3.4745538,143.95407,83.09589
3.9896836,-299.79868,-468.3528
3.7377667,-501.3723,-540.7508
3.754932,-17.210636,-46.36499
3.0568671,353.0257,-308.42862
4.069285,324.2207,293.04376
2.1294503,134.54181,409.35153
3.8901842,241.54665,769.31525
2.9056826,224.70856,-268.7763
3.7097278,-647.0506,-634.1637
3.4969454,609.5334,410.44034
3.7348056,202.62474,-695.591
3.087757,-408.10654,154.85898
3.5765276,259.46985,-225.87196
4.037414,137.88647,92.99521
1.2221985,-234.30353,310.50412
3.3863387,-541.191,-285.11633
3.3640504,429.79156,352.46677
1.9970188,-41.343746,85.92336
3.5704503,-592.1887,-386.11865
4.034207,-242.47186,263.0538
3.4188342,572.2294,442.87106
4.3266993,-756.5824,-51.970894
3.5503058,-119.66603,-212.59216
3.923513,220.09575,-708.70593
3.7685554,117.05737,311.28262
3.9213858,471.69464,534.11426
3.03573,59.422543,-305.01736
2.3427062,-149.89435,-414.25742
2.7260554,-124.92923,488.9076
3.9852605,-353.7604,-456.09958
3.7615104,-65.5625,-957.05426
2.9912372,712.2194,531.9841
5.9997463,-111.85099,760.57526
2.5773015,708.05206,960.1453
3.3091922,-116.13475,-169.72903
4.214451,180.67986,77.29905
3.387877,253.0913,565.0097
3.752131,-115.22763,-270.76465
3.1144671,193.99704,-621.0134
3.8943896,47.83137,-784.0087
2.6698012,-413.56482,-3.0644598
-0.17671871,391.86377,952.9923
2.3786807,15.8981285,-359.22833
3.3398614,-494.9925,-768.53174
3.3775747,-215.11612,397.1743
3.383432,-308.14838,-70.910164
3.6969275,-270.07947,-222.85614
3.440415,434.2956,-342.98502
3.9801676,246.67262,150.30367
4.2322583,-561.6783,728.6968
3.627522,-419.44037,-849.2832
3.5674348,757.50195,-542.4716
2.0917444,-481.11157,57.058586
2.9841886,269.70776,376.05197
3.9089475,-936.2109,88.78008
3.9567742,-288.9108,-344.53226
2.9533153,-504.51562,531.83124
4.1831455,-848.5775,36.535454
3.1170182,826.3183,506.51193
4.3451133,690.1134,104.27636
3.3244019,-506.74072,-200.69739
3.4995403,246.94078,9.286798
4.046516,875.9889,-1022.93536
3.9679215,-275.32904,225.32535
4.443956,-772.1289,35.57238
2.9941955,-107.44946,-664.379
3.3252816,666.5044,-44.774025
3.342506,702.45013,-100.79594
3.7995858,-765.8427,-162.81381
2.5008674,-127.6998,-559.8965
3.0814042,-627.2925,-98.60584
4.176268,-170.46962,-234.61404
3.8626895,-506.62155,-887.27655
3.1744647,909.71655,-535.1998
3.7742438,358.43155,-946.8082
4.2584534,390.79327,744.19727
4.2817116,-238.07567,155.266
4.017213,-122.825,95.26364
3.523036,162.78256,-61.760094
4.691686,17.84445,278.32385
3.716289,-74.0836,-763.6203
3.688644,-455.27643,-436.76215
2.9556613,805.022,-265.9752
3.9945734,-295.54648,199.3315
3.7569814,-334.62756,-603.02045
4.2126794,428.9964,-221.81241
2.2295861,-239.32506,-22.22953
4.220468,216.83344,-1022.4646
6.043938,31.726748,407.71732
4.2545137,-709.1201,450.86453
4.006006,18.196407,-888.425
2.6559377,198.49573,-450.35364
3.5501318,-241.12723,751.3118
3.5786328,-150.75612,-252.11868
3.3185773,254.37393,566.7187
1.9660118,-22.72636,844.19415
3.4669406,146.09409,30.25158
3.4782233,744.6981,-472.10806
2.0695763,329.27414,905.1326
3.0004725,475.90292,-352.808
3.5334888,-968.71423,-307.1625
3.1390848,389.79553,558.74023
3.6618917,-189.23593,-44.80802
3.880825,559.65265,214.23175
2.9609098,520.22546,688.32324
1.4329686,-455.85434,271.0703
1.641417,25.781551,-524.70404
1.414886,-446.56525,185.00998
1.9515224,48.62637,-396.37207
3.48527,274.10858,-339.29083
3.2218165,527.0855,-288.04996
3.9713886,-298.31943,228.6884
3.6308064,986.431,-334.40082
3.784753,-732.0764,36.127586
3.7910123,-462.1327,-470.8958
3.8948717,305.18387,464.6505
3.5744061,-513.30115,-388.3146
3.364684,-571.15497,-237.6701
4.1982365,-776.0004,523.9281
3.8645437,-187.03995,134.95149
3.8491788,517.8562,-763.89954
4.0952253,-14.321413,194.77
3.3644295,-599.7915,-80.76957
3.1704526,580.7362,-319.2673
2.8103259,-450.7262,527.3881
3.0552192,203.07433,-234.95572
2.3229148,-562.2437,152.13681
3.3434243,-62.90746,182.3415
4.2384615,-864.14307,-243.13359
3.747683,-761.77075,-481.80362
2.6302676,-146.1493,-183.64157
2.846662,11.567684,-300.25894
3.0516162,-38.551456,-897.7558
3.3288178,-185.82095,-555.0679
4.427253,-552.34326,198.56117
3.2217097,-540.6674,-38.071266
2.880992,139.73834,-265.4154
3.9625506,-859.95166,119.63784
3.4732687,-476.90237,-76.31649
3.25751,-94.333115,727.3625
1.042666,-406.24066,965.019
2.001903,105.68831,-447.31845
3.7879143,209.99316,215.38765
2.7887292,898.42664,-329.0953
1.8327837,91.412476,922.77155
4.254151,402.59222,30.470253
2.8671238,-811.9738,791.6153
4.3785048,-504.35724,252.6883
3.3384328,-493.02954,-187.40808
3.345183,208.27931,-640.7032
3.735217,98.53456,26.2192
3.6331906,636.9701,323.07108
1.356761,-291.6182,660.98285
3.6483407,-736.18506,-459.18903
2.501471,37.36108,-350.32645
4.779392,-75.12221,215.84389
3.1852555,684.2034,-446.75653
2.8866434,-117.56545,6.0839624
4.0874877,-328.73343,-440.66272
3.3725863,308.76556,684.492
4.356396,-199.634,980.0619
2.6635823,836.5514,601.1357
2.1086469,145.58737,-168.65997
3.4371314,-286.2384,-239.21826
3.3746085,-385.28183,-232.31369
3.3294272,-651.2143,-395.11652
1.2562065,71.78716,826.9078
4.003367,-294.53894,-904.33734
3.988708,180.39421,-139.84224
3.0187998,388.57074,574.17896
3.9450564,384.70322,-149.66002
4.184186,316.0338,92.24422
3.7445016,361.45596,-522.0655
2.6424909,571.2348,-458.4492
3.4745836,-807.77716,696.79156
4.9948997,339.38385,838.9506
3.5472846,-278.49152,-163.11703
3.570238,-194.44109,669.6841
4.0567336,-683.49,860.46625
3.6397471,-324.3839,-662.5151
3.9960518,-420.14703,313.36353
3.8365746,-100.31453,-92.29424
3.1154532,520.06885,-548.0944
2.9048152,686.9615,-451.13968
2.2358708,651.95953,-132.9338
2.6655555,-449.30783,429.0013
2.6789696,-495.89984,63.741783
0.44381976,-210.76993,788.95087
4.015457,-725.21063,46.522026
4.2320056,572.70026,725.2331
3.6382632,-438.91382,-375.62332
2.8735566,-98.22171,-329.18365
3.132362,124.72373,-174.78923
3.4497094,-359.44366,-134.00873
2.418016,261.311,77.28596
3.292473,102.22867,370.35864
3.7021933,225.51968,124.403625
2.7122416,-921.6196,19.963158
3.7591023,681.31915,266.64197
3.666883,-315.81033,-258.71487
2.4848757,220.62033,-224.8321
3.3691163,-107.15173,-911.68335
3.0947511,-655.4307,703.1871
3.2477756,419.17413,415.00543
3.7818942,-207.78664,649.7499
3.4451675,-772.7792,-205.30093
4.1688137,-894.6171,162.5239
3.2185602,-582.2902,-72.34513
4.2555237,281.62283,423.53134
3.0864325,467.09662,457.11557
3.4778767,224.10674,43.315285
2.6176598,-129.32013,253.63113
2.901352,-116.686066,408.69296
3.8278277,56.918552,-6.6908636
2.8559356,543.0907,-406.05322
3.098209,627.21545,-570.8242
2.2812428,413.03955,759.8958
3.2571855,15.211575,-687.3861
3.6472921,-322.4702,482.8129
3.746719,-415.70193,-374.4676
4.1900415,36.96191,-117.197136
1.6307402,-910.8763,353.56436
2.7769618,-769.0951,653.1728
4.0161014,-83.65299,103.26248
1.6716695,40.25607,-537.6595
2.1824107,-158.22183,-519.69037
3.6788552,202.15543,72.22512
0.9852073,-200.88422,415.81223
2.951725,-363.51086,-10.471778
2.9487262,-76.75864,-296.7131
3.9610062,591.65186,181.10735
2.4149976,-137.31204,22.220085
3.2893453,419.75122,-403.45346
3.564774,-376.64993,-285.8962
2.6943042,-453.83572,576.16437
3.905805,-346.14496,-555.8657
3.0369334,311.41028,-843.96594
1.6013544,18.067532,720.95276
3.825882,-73.95999,184.20685
2.7905738,-202.18884,219.28178
2.9418437,-552.8422,547.8889
2.6129127,247.7358,-357.52914
3.2352138,-456.1131,929.88074
3.5941842,-426.45572,457.08417
3.1864567,558.85376,559.80426
2.2832959,-313.87195,819.8382
3.3687682,444.7606,-313.74332
4.056104,164.97156,-760.1482
3.2489562,685.2265,672.96027
4.260541,346.2767,38.82055
3.6901176,149.1124,30.080894
2.4027967,299.27084,822.63385
3.8090777,606.96326,224.3492
4.1220245,85.96614,-110.43917
3.6639261,212.56952,-235.09375
3.851459,-248.92963,-471.75107
4.2383065,27.137253,-109.32104
2.6943002,-129.78354,-387.3103
1.5215487,-17.681553,-415.5546
3.189835,-103.862335,-272.5278
3.9744287,-260.0874,576.6517
2.1207066,-166.22215,148.6261
1.3300157,-23.029457,407.16052
3.4846387,-501.07794,-370.2193
3.8922226,-88.68593,143.95972
3.0264735,0.9130825,-289.49518
2.8688889,-13.535961,-43.35636
3.7675014,-37.609623,-769.48834
3.6815953,-647.94214,-848.4874
1.6420507,-539.1677,228.90317
2.8877015,336.90408,-358.11478
3.7043657,-142.24355,546.1339
4.2181525,161.0059,-814.59235
2.1722875,-7.3214755,-388.6589
2.7988439,253.4359,-561.6882
3.6475635,-388.90234,-622.6007
3.8133645,-693.93835,-955.8472
3.811905,126.94548,-214.77202
4.0063014,-282.68005,-318.0325
3.294619,-500.81818,-7.0773687
3.4269118,-645.7111,-340.90305
3.492518,-340.27625,-256.63202
3.1262403,26.256618,-212.51918
3.688336,-223.49974,-141.93546
3.547563,171.34622,419.82324
3.448237,686.1787,-346.80215
3.860907,364.07022,-722.9246
1.7695947,327.38873,360.13406
3.7607484,-911.99023,-184.31064
3.5673327,843.78687,-504.48697
3.6442175,237.28256,-12.404944
2.7228475,-277.60483,-157.78989
3.9874911,550.32166,166.94717
3.381003,394.5201,308.50876
2.7496717,-117.83806,48.796623
3.4178529,-489.15952,-320.62128
3.0080705,-139.63785,-896.6586
3.960923,-563.95337,454.41464
2.5078278,661.82983,955.47894
1.2935724,-4.157726,653.19604
1.0582147,258.63235,704.918
2.3203607,326.29333,-351.50125
4.487704,506.35742,67.30874
3.5475173,326.19067,-90.88433
3.002441,295.80472,-274.06174
4.1860595,-610.65717,-1043.5044
3.856812,-157.8576,-780.6176
3.4714785,-254.09785,-129.68555
5.8082075,29.51837,417.92297
3.2647681,394.839,323.81207
3.4191513,-90.63086,566.9587
3.3111691,908.9706,-154.39008
3.708909,-159.17792,499.12848
3.1645038,360.81738,659.50146
3.722908,-381.78384,112.554375
3.8390002,27.995409,136.71326
3.7775922,-570.1007,-860.8272
2.5661197,-157.4961,-493.03415
3.3058524,-48.97402,-241.75058
1.5734811,40.69708,-507.26517
3.175383,-107.146515,-797.12134
3.9428525,420.391,-781.6765
3.000033,-10.61298,-276.9229
2.6285138,-39.301304,-319.4259
3.7112613,727.55383,390.12814
3.7302623,-327.91556,-575.0929
4.433897,-692.8236,97.444466
4.0587263,-718.22784,519.7106
3.5234149,-739.9957,-34.774666
3.9582999,-3.477512,984.2997
3.5230079,-92.74495,289.81125
3.8796794,-230.26927,291.7909
3.7402186,-107.05992,-243.98431
3.2537818,941.91846,-321.4954
2.7444725,378.4497,-81.42736
4.1861243,418.2887,-103.32309
2.9114642,182.32065,-379.4691
2.71104,602.84503,-378.85315
3.6511035,-511.77118,-868.9466
3.927153,-263.03912,-905.61755
3.7020607,-182.13956,61.721115
4.2564063,-310.65118,-396.43582
4.450665,-523.4877,444.12567
2.2468,-67.060974,-470.133
3.6985164,-773.7366,-211.53534
3.9270082,-664.7626,-735.2487
10.187776,-1068.2787,664.934
2.8672318,-175.95044,-433.4805
3.3018146,128.28014,-682.8859
4.7228317,-885.2052,12.678826
3.7909746,72.3159,-206.58174
3.0184255,76.836464,-213.19229
2.6489854,152.25273,-586.57916
5.2802076,-154.51161,444.8103
3.3878112,480.49243,462.11267
5.3462033,722.62585,676.89233
3.1790118,-133.04308,-751.783
3.7755122,563.54944,54.802086
3.4694839,-397.11523,-240.37985
4.333403,654.5292,158.20758
3.524611,329.1714,273.98447
4.099664,-338.8746,-389.4654
3.8524833,261.94177,-203.34787
3.4395318,295.97546,-453.5967
2.7715201,518.92596,-347.7407
3.2291179,-359.58997,-229.1076
3.617976,-543.6225,649.6736
5.811101,3.191029,651.31964
2.6747565,581.2711,-217.95195
3.483809,-671.23,-160.34047
2.105288,589.95337,172.90631
2.989119,955.2927,44.44732
3.119514,800.52216,-450.01486
3.0359635,682.2042,-422.71942
3.8063922,195.15579,214.75478
2.836533,225.49919,-199.87415
4.275499,571.8308,726.4912
3.548286,228.73663,327.85193
5.1711617,-548.1732,841.4849
3.136148,-186.13525,-566.31476
9.375446,-675.3136,986.7919
2.213159,146.11224,-517.3607
3.5191295,-460.43942,-54.248558
4.3857675,324.3836,-97.89336
2.6006424,215.22249,907.15967
3.7949939,583.6193,-682.5988
4.647795,-192.85242,508.21912
3.7547479,-320.68768,-491.9763
3.5571764,153.46985,277.4634
4.3770185,-463.16058,290.2664
3.7111604,-386.89874,-48.74749
3.2315853,-7.3529773,54.677376
6.228226,-763.1725,972.30554
2.9127698,-51.50922,-684.2134
4.020628,-26.929,1.1202477
3.3405223,759.4182,338.93234
3.1321836,-25.280674,-279.7131
3.13415,-364.7275,-220.29718
3.881196,202.64743,679.39996
3.8226852,-149.71417,-19.094421
3.72113,-345.0055,-310.7864
3.5865252,-91.54285,68.83591
4.012849,326.79333,-67.89429
4.29619,-743.46857,-810.836
2.177301,198.13153,-414.75183
4.7002363,141.91074,438.5644
4.89223,-683.1766,210.49902
2.4597068,-146.16751,-68.89301
2.795055,-977.6447,297.0044
4.240908,-913.3938,640.01984
1.86116,-66.4567,232.53757
4.1500964,410.509,101.555534
3.5609317,-675.0366,-459.63702
3.3715663,885.0654,-321.90573
3.7551818,-351.0827,-318.18033
4.919449,11.734707,261.853
2.31595,-90.227875,-224.69241
3.4915836,-317.59033,-37.279
2.7455907,526.07495,-484.02438
3.4627914,-366.5747,27.064995
3.7927847,204.71872,616.13477
2.811561,-395.8172,545.09827
4.4175587,-498.10376,353.0349
3.8234105,-496.848,119.0821
2.9622617,957.74133,-10.161353
3.2610936,572.42065,599.4781
2.2433572,-221.78537,-206.59299
3.3328586,618.28723,163.13281
2.670034,978.0714,26.269981
4.015414,493.26434,142.22337
2.8435233,-385.5464,18.170555
1.8454633,58.615734,8.466485
3.5437384,-679.7379,-450.15524
3.6815553,-544.5779,-671.95013
2.863936,296.71735,47.818092
0.78972197,-48.456837,1002.426
3.6266768,-205.02104,178.68768
3.6120758,-8.42281,-172.29155
3.2995458,195.82104,-96.85459
4.1299553,123.200745,-190.87852
2.4729714,-377.01022,92.55305
3.6197467,-247.3132,-164.56512
3.7596374,971.80396,-718.9519
4.1256185,104.71602,-719.4013
3.9948335,473.00537,-739.49274
4.1832204,407.7252,98.38474
4.3436913,82.62663,760.4301
3.3239744,116.35411,89.1635
3.9373965,-104.12721,-762.41815
3.5385022,-337.85352,-219.63226
2.4014676,14.69174,311.16055
2.7022362,150.61803,786.91785
2.1959705,-259.67633,442.6774
3.0697308,32.362957,-73.74708
3.5276828,-476.93872,-833.07446
3.3651009,-403.305,-180.55615
3.8132787,-233.43265,-907.858
3.979114,128.84906,128.48466
3.3414495,248.9303,332.5867
3.1734047,-361.1451,44.93316
4.175352,-295.6114,327.98868
3.98529,565.59546,235.2493
3.7839386,55.3765,49.607494
4.1422954,-263.09302,-398.54822
3.3599763,829.13043,-209.0688
3.4211688,784.5216,-278.9492
2.7446713,-113.20834,-472.45572
4.045623,251.95306,67.98447
3.44987,-653.98975,-403.5342
3.6761713,226.64911,240.04712
1.4786859,29.674252,-454.06494
4.4592385,474.07108,384.75168
3.7574286,980.83026,90.76809
1.4935312,-169.7287,140.42206
3.6695871,383.3486,225.16086
3.6196642,362.03204,248.44643
3.8489075,-93.34062,161.91129
4.6267543,145.51102,471.618
3.7864747,-353.1054,-586.1674
3.5792732,-677.1923,-458.59464
3.5195937,-440.91373,-311.9418
4.680335,-686.8274,221.89218
4.2637033,555.10376,199.97212
3.7426276,-261.7895,313.74612
3.750795,-54.133152,-259.84415
3.1219916,-202.3859,908.7835
3.7039516,-336.27222,430.91162
3.3314087,359.6885,579.8762
3.7398992,-382.76532,357.86023
3.3826041,216.30345,473.90952
2.0772119,-18.690525,-383.94058
3.7722068,-260.43707,170.10126
1.9185216,-24.350994,170.96518
3.546883,313.55313,-295.38458
3.5916615,-164.79007,468.5138
3.0900035,-308.219,-514.91486
4.200862,298.901,440.471
3.92416,-163.08076,78.00263
3.755834,-697.2809,-584.42944
2.9624677,165.97351,-608.9739
3.6809478,-246.87062,285.59497
3.64078,256.35336,-2.8035192
3.4943414,-182.18669,-117.94227
4.6319175,-595.15265,251.42592
3.8727374,-287.35745,-317.69434
4.1485496,397.30414,-50.37278
3.6371636,628.728,326.1215
3.5313027,229.87494,74.64264
4.0798874,177.51402,379.7915
3.4789233,142.2149,296.62137
3.3389704,79.51149,682.8258
3.675426,-723.50543,889.02985
2.8867445,35.032406,677.7948
4.421907,17.776081,350.7613
3.1707854,157.80096,249.13614
4.011047,541.2866,229.0991
3.536759,74.49416,-227.84819
4.1341305,393.873,-17.231804
1.7773705,123.64165,358.77744
3.6144638,-784.6327,-12.369697
3.8292036,156.38751,-23.875496
4.0792465,74.79829,-44.298103
3.3574176,-669.71136,930.8851
4.5502796,-900.1322,674.98816
4.2180934,-221.73865,-399.9393
3.628301,-41.19023,67.20397
3.61231,715.14905,411.91873
3.8716402,569.99506,262.45294
3.4597006,-98.555595,-88.192345
3.5220857,-983.85986,775.6049
3.8414721,-288.6399,-869.1403
3.5912728,246.08638,-278.82147
3.678525,-219.47458,715.2419
3.4157262,-277.94342,56.67251
3.3364282,-639.40845,-57.518196
3.5569043,-173.52701,-852.6794
3.5656528,-90.25828,102.97167
2.9618142,353.58115,640.85205
2.4667614,-752.6009,592.2154
0.7293041,-232.77943,556.12634
3.3156276,-602.90204,-402.569
3.1753287,871.9766,-415.28903
4.8288918,367.6245,485.91476
4.141427,219.4611,134.12
3.9022927,562.8014,-86.88987
2.641498,628.9191,-112.46668
3.3215122,-367.43042,169.06398
3.2524796,-765.7801,133.85956
3.3613486,461.62567,353.37076
3.686067,-675.51013,-549.33655
2.9022565,285.28833,49.99218
2.8836176,259.02017,338.6864
3.982902,-339.8639,-363.66003
2.553855,152.52975,153.04051
2.1610904,-126.53885,-447.11365
4.092139,686.2091,-196.5359
4.505028,544.36615,27.793083
2.4452808,-509.95465,108.41198
3.8860197,-111.5536,90.62422
4.055446,230.43114,-869.07947
3.8357692,404.1301,-307.2195
4.2415485,-288.66995,250.89162
2.8048272,411.55383,932.6607
4.1316657,-399.67856,-438.29092
3.8714652,50.992397,-933.6147
3.1774495,269.84387,405.0078
4.164551,576.2311,131.6412
3.4741774,-646.6916,-213.73796
3.0079188,858.4143,-355.01242
4.2039475,85.05359,-827.0479
2.4947562,483.99377,-278.3041
3.559619,-377.409,772.5679
2.5580904,-849.32275,354.60916
2.800161,249.92316,-426.00104
3.3021064,-549.36584,54.238518
1.9945369,-1.5487095,-488.7758
4.6957245,5.9027276,324.5648
3.1570945,439.5448,-701.4222
3.2997057,308.3321,366.27078
3.2976365,478.4743,352.74728
2.045216,552.0453,-227.79062
4.5045238,-831.605,401.79437
2.7387824,-230.62326,587.4966
3.680984,240.71248,-725.55963
3.8340764,570.1456,-173.18272
2.6298604,828.06445,-325.29745
2.9448895,-25.353,-222.9414
3.043345,466.3328,-346.81192
3.7499976,-355.92502,-323.15637
3.367558,-540.7812,-134.3942
4.078499,498.45697,-31.87452
3.6198368,-740.06805,-399.6661
3.3194928,169.63548,-664.276
3.6604877,-246.28476,438.58932
3.7339187,-656.48,-596.44586
3.4796615,251.68597,136.80351
3.6052506,-478.14044,17.791084
3.9161143,339.50186,114.86051
3.6422353,522.9225,-153.03114
4.603267,-282.58685,900.10864
3.3558407,310.97827,-245.58228
3.2001805,-230.14786,-840.8633
3.9200168,-748.0444,-116.27619
4.245502,266.07178,-1013.227
4.016327,172.30182,145.61607
3.6806111,644.824,-256.29715
3.2963796,462.72803,-253.16399
2.149549,102.057556,-525.15643
4.0172925,-255.02362,-281.7011
3.9003851,-535.7387,815.50616
3.368456,153.04498,693.26996
4.2557874,534.44714,109.75301
3.3788962,227.02065,354.6995
2.9279847,36.736813,-311.03387
4.036017,268.70905,-140.43996
4.32972,410.96075,44.698128
4.1566043,277.40503,5.8686686
3.1287808,-409.81366,230.31953
4.2863135,636.7283,106.95461
3.8660865,434.74255,-801.81525
2.757605,131.33641,776.2145
3.8733754,-366.80316,-550.8537
6.1777782,-181.56833,943.22986
1.9796824,8.704098,-412.23682
3.5543513,-248.99886,-867.55786
3.7620516,215.95428,-129.31464
3.7574687,916.8768,-934.9221
3.3948383,410.4314,554.2539
3.9470992,232.5904,-12.962066
4.901887,109.75406,682.04803
3.9215827,692.5752,-948.668
3.7022252,-800.9029,-167.51068
3.4305925,39.666077,158.40164
3.0852184,551.1535,597.61414
2.7534328,389.2768,-617.1735
3.2059355,248.2543,-282.75348
3.3877473,-403.52237,-230.58984
1.5707803,-567.6719,643.39435
3.4786289,-300.59006,-7.474799
3.655466,88.43223,157.09862
3.3355672,-32.75389,186.95119
3.5174556,674.0188,17.47921
3.7929697,281.67102,-169.64163
3.820013,-214.33704,225.83318
2.8721213,-99.85605,-242.14798
3.5450673,33.936882,99.52751
3.2678225,351.08026,325.2014
3.0264163,450.76227,-190.9054
2.5906281,299.25055,-367.83572
5.2793913,-5.425319,394.48254
3.763474,568.68774,-105.436195
2.8399615,391.67145,-291.26108
3.5050857,-758.04785,10.268853
1.4103541,-182.7081,297.55038
3.9741158,657.15466,239.39166
3.4544196,-810.6289,-119.51652
4.1216307,-311.72195,205.53354
3.2830234,739.6741,-399.5943
4.1672015,-476.97977,161.85245
3.2381759,174.91566,-338.53653
2.8811774,491.88867,497.71375
3.5593657,292.2214,310.6598
2.9011025,-172.4,-620.8269
3.94832,576.0517,-812.8167
3.5691695,140.47382,289.53793
2.854444,736.573,581.7466
4.088962,-589.1166,-935.59814
3.5163422,-835.0456,533.4002
3.8222919,-307.68744,-319.97812
1.1225746,-92.081436,426.1177
3.9338567,228.5488,86.745865
3.9086385,360.99207,105.43305
3.117547,468.29443,533.31805
3.452446,508.84723,294.84818
3.6346421,-238.24426,-146.08551
4.193816,-737.80554,486.20737
2.596356,-82.95889,-177.97433
4.0185747,-579.4309,433.5692
3.2568917,-163.95303,-372.76398
3.5790725,353.71753,-265.2083
3.7337394,722.1282,-806.10345
11.000787,-816.20087,1042.2107
3.6677732,335.05682,256.4611
2.4260054,-602.58734,581.26654
3.137939,-541.7892,-78.98475
2.904903,-392.904,527.43884
4.038784,-735.3816,340.48355
3.880731,199.64177,-144.72739
4.291214,294.13376,81.67911
3.9406967,539.29114,57.747353
3.1316838,8.762218,-276.26852
3.5402687,-232.44308,-5.927863
3.3300862,580.1996,472.84747
3.9387438,131.75786,-40.139427
2.8011255,-92.34302,475.86188
3.3345375,355.37817,-210.3958
3.2427917,862.1752,-453.17764
2.769184,191.12604,-277.5281
4.703905,-791.61865,133.79774
3.4594426,784.22626,263.46603
3.4915338,341.15775,285.19272
3.8689406,-402.07153,310.27878
2.785974,968.2223,-15.949409
3.3265867,427.7829,296.87897
2.4635892,164.06175,105.16909
3.3864393,-622.5545,-220.35582
3.8960695,56.833614,-8.128898
3.3940454,629.88403,11.170068
2.306466,-386.69528,135.26163
3.6339984,65.44034,-691.43536
4.292186,-28.581177,-47.383144
3.8762488,-660.76447,-725.89886
2.6952868,-426.77026,22.115929
3.309954,262.94333,352.72836
3.2914977,317.41235,-458.83575
2.9880786,-198.33609,-518.4347
3.9423785,-748.29913,-167.84398
2.60819,819.5077,848.317
3.8097796,-740.79114,-169.40324
3.3180938,-377.1796,-37.38743
2.8654575,-530.7637,501.74973
4.5525484,-670.6747,366.5229
1.7418742,29.946285,-407.0396
2.45507,797.4646,633.15063
3.1458168,-660.4214,344.93277
4.2879696,170.04025,535.99677
3.6630712,-356.8413,256.1923
3.1353412,849.75104,-88.60685
3.146276,824.93286,-306.21338
3.8463273,-341.12762,-552.37244
3.5671482,592.6996,401.16483
3.983815,257.92194,168.39491
2.896737,215.32835,792.1157
8.080154,505.06482,975.5515
3.5071445,-779.2725,8.546777
3.2011628,438.72818,528.68835
4.7377453,-143.56982,316.10318
3.9837193,-324.51413,-938.7876
3.8253622,-289.37634,75.68758
2.9833865,872.2108,74.45165
3.3026423,-726.76404,-273.8838
3.1873946,434.78427,-780.8138
3.2250876,-45.609898,-295.2103
3.8183074,-510.01373,-926.6715
2.811541,-160.3494,-489.44705
3.713901,-151.54231,461.05106
4.2058854,236.61288,-968.3471
2.5615802,149.02837,-539.48755
3.1390295,-313.58795,142.49965
3.83527,79.02475,100.91825
3.3865566,-56.736874,889.8826
3.62999,-678.43787,-790.0314
3.4880738,-412.21802,-772.9223
3.6946206,-190.10753,360.8297
3.9464593,378.9793,-771.8078
1.2966447,239.90164,306.26797
1.9253249,31.728909,-451.718
3.0636172,776.89905,-53.30436
3.2660656,446.0177,57.902702
3.3471646,-498.9244,-757.4099
5.927074,-579.11676,827.4718
3.110209,575.1505,-172.66415
1.7345443,-53.77396,-497.07938
3.0866075,182.42961,-635.6437
3.695257,112.27023,278.576
2.7338595,-259.91446,-612.8824
2.9007473,293.7763,-132.83344
4.0222373,945.39954,-789.9149
3.1634154,50.702816,-665.12067
3.0390105,-99.25667,411.50424
3.5610213,-143.4035,158.09828
2.9785178,-82.62024,871.0786
3.4983373,-596.1916,-114.11137
4.198307,243.78033,455.91898
3.8225005,-586.71277,353.4094
2.1795135,-135.42023,-423.89432
3.4655106,-54.090733,542.0812
3.6244845,34.816093,132.8206
3.4591007,-649.14856,-427.77756
3.3004274,-335.1724,573.40564
4.0882993,465.16217,-98.62058
3.5564318,-187.70406,436.79935
2.6460497,-641.78687,470.599
2.560138,-72.4773,187.07545
0.24332571,139.97937,968.5806
4.0465956,-203.34299,717.0268
3.351933,-209.20508,-42.93406
3.4541678,277.02606,19.857155
3.8928742,-358.90826,-476.63358
3.210465,-227.30786,-472.96732
2.8293595,473.878,-438.40567
3.2978172,-13.896442,-164.17981
4.4259872,-775.6998,449.08713
2.2093253,132.65869,-388.58688
2.8826718,670.27545,-557.31445
3.6946058,421.07684,-142.0068
3.2898793,730.69006,-466.13318
3.698416,-9.290733,51.479874
3.0156546,40.875256,-204.71881
4.8312044,-671.4456,291.66956
3.6549652,-368.24274,-40.659782
3.3796682,209.93611,463.96207
3.9892268,91.20261,70.81994
3.5697837,-441.0076,-359.99637
4.724151,-683.0744,220.66904
3.820776,210.48494,748.88464
4.271105,-477.26733,257.03015
3.719151,-436.937,-373.7625
3.4766748,36.916737,97.3556
1.0759134,-138.76947,426.8127
3.683844,-808.34595,-313.16187
3.5251842,-411.89044,-326.38736
3.623918,610.142,346.75778
3.7805495,194.57254,-45.888817
3.4324613,-347.24652,-250.66531
3.7432618,-108.640564,-874.2287
2.743876,154.89677,-654.4581
3.4838138,-571.34155,-425.21973
4.1973634,430.5556,97.968025
0.69040394,591.6731,858.2766
2.9598165,964.2383,-201.25131
3.6835752,409.77036,-191.70166
4.0169945,540.3025,-59.888115
2.3323426,-124.273285,-508.88403
3.6341338,842.04663,-818.91156
3.6378188,191.55634,-178.25346
3.5066118,610.02765,364.41696
4.069623,546.8003,94.93252
2.8298793,-217.04071,-676.17163
3.2806306,-308.83203,187.06325
4.425832,-700.94354,273.46194
2.0965693,-549.29663,414.21225
3.5230775,-640.0756,-408.49915
3.2010908,197.22874,-193.67137
3.8512359,509.67676,-174.10193
4.100865,403.8183,-138.24696
3.696381,-665.3338,-764.1821
2.34734,-390.06665,660.27014
3.6649137,-435.8542,-440.05115
3.2627177,-254.51627,-367.35098
3.0687914,310.68576,593.7349
2.9091697,328.92032,-344.13638
3.6502738,-308.00177,-385.79825
3.1282582,407.6892,551.84045
3.805101,-450.49323,-488.4741
3.649976,28.851612,72.19563
3.039288,-913.6945,-161.78885
2.5087752,-128.7424,-568.718
3.90464,-828.2185,211.43637
2.1507611,628.7048,-239.79596
4.0971837,319.96274,-69.22119
1.9306583,-123.30099,194.26746
4.1247444,201.61908,-131.3575
3.4665546,-359.5112,-162.45865
4.134414,-363.5372,-455.01593
3.3837166,-960.4797,-54.619087
3.279872,-582.122,37.597374
1.9831824,16.712612,-563.9334
3.0412688,841.80664,-440.86743
3.8161883,874.6471,-885.3508
3.8631673,64.01802,-269.27225
3.7571368,620.1384,-800.2587
2.8769364,94.03762,419.59283
3.2634702,38.82388,-652.6324
3.3427768,-593.02203,-325.44534
3.4447093,781.0541,449.36447
3.855657,112.46987,608.0716
2.455445,-264.1422,66.26385
2.09415,-26.448978,-508.75058
3.8095121,-65.37628,-17.068344
2.910469,-688.6194,-50.865425
3.5691514,-754.9139,-299.05173
4.4395,-658.5495,400.9601
3.6182919,282.7161,157.8663
3.3916516,716.7761,-27.577705
4.0187993,-258.2592,-460.25455
3.8288343,-409.05225,427.2546
2.9882894,-172.9005,-42.68537
2.8272333,428.5262,594.5114
3.698152,164.32991,-201.59512
2.7234159,-154.61499,-555.9643
1.7442629,193.41568,649.45416
2.7918234,-688.8325,472.8054
3.4506621,-516.0994,-314.88
3.2206945,-307.95364,865.9423
3.186783,-544.3781,27.11779
2.4779766,-157.57712,889.73413
3.5590491,439.07214,-208.2746
3.8695312,-381.26428,-527.9526
1.2072263,586.22253,811.483
2.1880012,22.016872,-532.1483
4.1385746,287.90735,480.29202
2.9448524,-512.0725,-109.05595
1.4287622,-123.819214,472.2059
7.7382956,-820.1326,568.0114
3.437777,211.23073,-658.61273
3.2564073,688.46857,-2.6675482
3.3955512,-513.54895,-294.02728
3.6249385,-237.74112,-560.9008
3.180118,392.8291,-471.8066
3.0507522,-200.50778,-853.49164
3.855308,-809.7431,-546.85767
3.1671624,-207.52974,-241.77243
3.5525517,-670.9732,-472.08246
3.8387303,726.02655,33.439476
3.9354749,-346.74258,-906.9192
1.3196416,12.580563,-537.3945
4.6371174,-686.94385,186.5371
4.0673714,-303.0392,248.42514
4.4445148,-951.9227,-945.6183
3.1574335,234.7272,-278.69522
3.2929196,-166.96475,212.85828
2.3180776,447.7301,-412.84537
3.2791457,862.03564,-315.89584
2.1841235,-6.077884,-360.23148
3.8890305,-40.011353,222.96881
2.5460508,278.23828,577.0566
4.57607,-754.0898,292.83084
2.215119,642.9372,-278.04712
2.8113723,586.6726,-122.97784
3.5459938,-72.206635,-61.411034
4.070749,-846.59973,333.70163
3.118188,-239.14586,127.42322
4.221473,329.6665,315.4055
2.7365918,400.6703,-488.88412
4.282613,59.525776,-86.845406
3.1558666,-187.5859,38.710793
3.173849,325.4206,693.31146
2.533111,954.5448,-76.21577
3.2409568,223.371,-535.1954
3.4881577,205.06685,238.90878
2.6685424,-124.190704,-647.7167
3.3063579,-571.078,-214.74734
3.887899,-320.45264,253.37756
3.590849,-787.7637,-436.73563
3.4800076,-617.45795,-435.09143
3.8258882,-192.33936,74.22597
3.3173833,-374.82028,812.09863
3.87395,-414.42038,345.84927
4.076551,-640.44836,-805.6642
4.065539,-102.53511,-253.90813
2.7369752,109.51251,562.5063
4.030914,611.3862,-877.19116
3.0271726,-375.4069,580.7641
3.431333,-366.6242,-229.77173
3.6977553,-56.839565,-161.5086
3.9783561,-158.36436,221.43307
4.103902,496.69928,731.85944
3.798635,-645.6629,-777.44904
1.6833119,-192.0885,175.09584
2.6677728,165.81642,-427.10184
3.9126527,-733.2128,-11.981788
2.52181,-70.07263,-365.77557
3.6974158,694.97516,374.18448
3.7714534,-718.59814,-532.62274
2.8735032,304.9166,-374.93845
3.4321885,-125.48651,-202.74298
3.305098,-824.0788,803.4098
3.8323588,-809.6213,-537.3636
3.1571538,-506.8604,672.5123
4.018649,496.83344,-56.44529
2.0483298,805.5228,46.050285
4.107012,186.352,-97.491295
3.3192625,-489.38446,-21.796211
3.3240085,-483.87668,-102.44303
3.786078,-255.02779,248.60461
2.673923,-104.13748,-598.9074
3.2943997,108.86543,398.96875
3.681869,-218.13234,-1.9041206
4.2921057,-204.67905,122.56748
3.4078298,-155.84253,-39.74244
2.7588706,-16.220127,-309.21112
2.9790397,-121.38449,-773.1205
3.929954,309.13602,-170.39682
3.066422,293.05,-605.93646
2.7046094,-72.154236,-330.4134
3.6152632,141.06621,56.926186
3.9413667,11.836515,151.8116
4.9582806,-870.5183,121.14123
4.0266347,-326.35812,-362.66028
4.3598394,351.8332,318.73398
2.9287467,175.92241,-329.70508
3.2279909,-714.95667,807.96716
3.4132433,-655.68396,-336.86435
2.8379078,-368.4397,-5.840064
3.1988654,303.74,-426.0828
3.9125934,413.50494,118.037926
2.6031184,33.49751,-133.52954
4.334851,43.027493,157.4981
3.011251,810.4231,-74.72175
3.8847609,84.461624,44.334316
3.576974,-223.93181,319.8641
3.6545472,-545.6306,-599.8084
3.8793898,48.104164,297.2798
2.6781058,251.65323,-596.83307
4.4398713,503.07016,38.080177
3.285548,218.37779,684.2349
2.5288987,180.61043,490.30237
3.8814793,-709.8812,187.99272
2.6491818,-24.202854,-317.04388
2.5655217,204.64606,-457.40927
3.374846,924.789,-516.0346
3.1187868,598.20447,662.2834
3.5373225,226.40611,-638.367
3.9371457,-41.329327,331.30606
3.3428864,693.0093,467.30734
2.0679283,122.17169,710.6367
3.0935855,649.17126,830.57794
3.3739715,928.14746,320.9598
3.517681,-108.79281,244.95793
3.9047332,-781.4346,-294.50357
2.4779954,325.5019,679.1506
2.868771,941.4834,-104.08741
3.5368657,-653.108,-491.05545
3.5321126,94.12305,177.5185
3.633844,962.18567,-682.25415
1.3752146,38.023525,572.44885
3.0014024,223.24158,-561.1437
3.704331,540.44305,290.8889
3.930717,437.11456,-781.70416
2.912808,568.1358,-142.70491
3.3784451,388.57736,-184.56226
3.0347354,-272.461,27.978767
4.264872,556.083,-1.6625282
3.9263272,-378.68167,-496.1825
3.8889089,-338.97485,-572.72406
4.1886086,765.1028,259.93976
3.912533,-536.6818,439.21194
3.6720748,-185.40381,7.733323
3.8536873,11.685719,832.6327
3.1730213,661.8545,526.1654
1.2266302,-278.82434,540.408
4.241699,-277.59555,522.2621
3.9409368,-754.2957,41.39144
3.676519,21.936985,-158.47087
3.2913165,542.472,382.37473
4.2031918,353.1588,-53.121056
3.2306886,227.62158,58.03675
3.5415015,329.55685,-639.19666
1.6900039,-3.1416354,-571.2506
4.2466784,69.704315,-93.433556
3.3855052,-197.09692,-335.92075
4.433788,413.63422,488.58484
3.8699708,-42.38671,199.54425
3.2409923,-275.53842,175.86127
3.4704664,-23.072174,82.537346
3.170662,-537.7536,-61.06028
3.8073173,-593.4693,-835.2674
3.152841,-119.531555,-910.6685
3.555118,-164.98404,-166.05307
2.634254,-117.418274,-661.3364
3.2960782,-569.6806,-221.27548
3.954496,441.0634,-734.2681
2.6114616,-301.17514,158.0692
3.998384,-91.396835,316.71985
3.6556497,286.7486,-178.02324
3.7040496,335.92474,-594.0078
3.3789408,-341.3756,-76.27529
4.3631806,-880.85095,-850.8583
3.4940352,978.7792,242.95642
4.352694,-330.7383,527.6376
2.500648,-128.28876,298.95337
3.4316564,-476.7943,-654.5776
2.8571038,-58.795994,-298.76956
4.0361757,-514.4665,176.71498
3.715149,199.19208,-67.84178
4.003843,-344.95367,-372.82135
3.6416893,-717.41064,-486.82166
0.77460194,-27.80122,869.6492
3.3945932,-441.44028,-156.62836
3.7611384,721.3799,-659.83435
2.2014723,-243.77362,12.264825
3.8949409,-345.70444,-566.7297
1.5198843,-903.6203,368.9794
3.8741112,305.60962,-245.97067
2.829836,285.8089,-33.22805
3.8991656,-449.39822,147.52724
3.91019,618.1965,-113.26522
