event000000.png,3.4832368,2.7794526,1.2072865
event000001.png,0.6772258,-1.1002814,0.9971747
event000002.png,2.0445895,-0.3427542,3.151254
event000003.png,1.9736173,3.3752637,-0.9464794
event000004.png,3.558901,-4.1771817,0.43822378
event000005.png,5.772997,-10.6254,-6.1976805
event000006.png,5.886869,-4.957513,-14.021904
event000007.png,3.3912358,-0.6049933,2.5497382
event000008.png,3.0608215,-2.9768178,6.336578
event000009.png,7.0765147,1.0859785,-18.08578
event000010.png,2.4970295,4.346091,-21.10903
event000011.png,1.1272743,-1.6270922,-1.0540841
event000012.png,2.2554405,-0.08666773,-1.1925632
event000013.png,1.5131842,-1.2369406,-2.1717732
event000014.png,2.9351892,-2.6549027,-2.4529152
event000015.png,3.0325842,-1.3892602,-1.3267936
event000016.png,1.7486945,-1.0529783,-0.033215992
event000017.png,3.55382,0.0016984581,-2.7044497
event000018.png,3.33433,-0.8555772,-7.762783
event000019.png,4.6451626,8.335697,2.7988636
event000020.png,2.930768,-2.160244,0.8396416
event000021.png,3.493159,-2.916247,-1.7651321
event000022.png,4.197326,-4.9345026,22.584972
event000023.png,3.1124172,1.1447237,-3.5271635
event000024.png,3.6826208,-1.9616411,-1.0652875
event000025.png,2.807472,-0.73296577,-5.814623
event000026.png,4.8287463,-2.124119,1.5658549
event000027.png,5.499701,-2.221588,12.001842
event000028.png,1.1658864,-0.27597558,1.485857
event000029.png,3.8652933,-1.3457221,-11.351044
event000030.png,3.106998,-3.3719468,0.33043993
event000031.png,2.3971941,-0.36951467,0.06434024
event000032.png,5.0087433,-12.327092,47.868008
event000033.png,1.5742493,0.10609198,-0.46887448
event000034.png,1.2035488,0.90113735,0.35610425
event000035.png,1.7611053,-3.1349218,3.991065
event000036.png,2.9379854,-1.5281086,-1.7227634
event000037.png,1.4936879,-3.639198,1.0469997
event000038.png,3.963825,-6.3425984,-7.0092926
event000039.png,4.9730773,6.974739,-3.3399005
event000040.png,2.1685863,-0.89579064,-1.9795572
event000041.png,3.579783,-4.0164914,-1.4071586
event000042.png,3.7697587,0.19020543,-0.07842552
event000043.png,3.5993361,-1.974325,1.2622608
event000044.png,5.30825,3.063618,-6.068717
event000045.png,5.454319,-4.7805505,-7.5713696
event000046.png,2.1238296,0.07498932,1.814062
event000047.png,5.192194,-1.4416652,-4.378287
event000048.png,7.5852556,-15.324112,-8.469796
event000049.png,3.0779154,-0.28421804,-0.74874926
event000050.png,4.5280533,-5.1006246,-17.664766
event000051.png,2.1193073,-4.688681,1.5211666
event000052.png,6.0527215,-4.052764,-11.518538
event000053.png,4.5828853,5.2259717,0.73264587
event000054.png,3.801871,-5.3132815,-3.0155642
event000055.png,1.3845901,-1.2956439,-0.30858973
event000056.png,2.686267,-4.1899495,57.594715
event000057.png,1.7910966,-1.8149195,13.670659
event000058.png,2.4769661,-4.5608883,14.416436
event000059.png,4.5886474,0.84450257,1.5589584
event000060.png,1.8100115,-3.1904137,46.641277
event000061.png,2.2090302,0.5989762,1.533653
event000062.png,5.377175,-1.3588783,0.8535824
event000063.png,4.9652853,-3.1586056,3.6768703
event000064.png,4.17243,2.146841,-6.083104
event000065.png,3.709565,0.6431312,6.706517
event000066.png,2.853399,-7.1305265,-2.957343
event000067.png,3.0760968,-0.5671299,-10.3844
event000068.png,1.6177603,-0.68997824,12.481176
event000069.png,2.1317954,-3.744623,57.63417
event000070.png,4.0385246,-2.0119724,-8.804588
event000071.png,3.0984302,-1.8580121,-11.017614
event000072.png,1.7713238,0.10190437,-0.068762116
event000073.png,1.1958008,1.626905,-0.22215426
event000074.png,2.3130894,-1.9583192,2.8151882
event000075.png,3.1921294,-2.4187632,1.6683558
event000076.png,1.3001331,-0.3508072,8.679819
event000077.png,3.9905267,3.2788978,30.00733
event000078.png,2.0558224,2.0338173,-7.3842564
event000079.png,4.4255447,0.6456012,-1.5136012
event000080.png,2.5263007,-2.5457554,0.4238977
event000081.png,2.9730153,1.6801881,-3.349716
event000082.png,3.989321,-1.4344076,1.7293808
event000083.png,2.9302976,-8.613316,1.5858297
event000084.png,0.9720336,-0.13088916,0.22350463
event000085.png,3.7304635,-3.0788686,-4.022615
event000086.png,5.838652,0.4114531,12.0801525
event000087.png,2.6967835,1.7518772,-31.44463
event000088.png,3.547386,0.44941956,-9.972256
event000089.png,3.4377387,-3.0950449,52.882065
event000090.png,4.888314,-6.221018,-10.69698
event000091.png,1.8940027,-3.6991909,-0.8411106
event000092.png,0.4824513,0.0034602394,-0.1666224
event000093.png,4.024657,-0.12359995,0.3966133
event000094.png,4.640516,-7.745252,-6.111213
event000095.png,2.2913234,-3.9409294,-4.109685
event000096.png,7.445291,5.641744,-8.963461
event000097.png,4.3961425,-6.936882,29.446886
event000098.png,4.209849,2.851916,34.750786
event000099.png,5.676459,-5.0479016,34.85138
event000100.png,3.2852366,-0.3874975,2.0404282
event000101.png,3.0237803,-4.0925465,10.683323
event000102.png,1.4768951,0.61706275,-1.7058302
event000103.png,2.6624148,-4.483502,-1.6189643
event000104.png,1.2852883,-0.6193457,19.769814
event000105.png,5.083942,3.9919257,1.9494066
event000106.png,4.789287,5.759942,41.710377
event000107.png,3.6852381,-1.4632244,-1.0581189
event000108.png,1.555133,-0.53967655,-9.196503
event000109.png,4.198006,0.33322003,-2.9884052
event000110.png,3.2736666,2.4604268,0.7268294
event000111.png,2.6496696,-2.537502,12.377366
event000112.png,4.0474443,-4.5776787,-14.1227045
event000113.png,2.0801604,-1.0872194,-0.17162764
event000114.png,1.6347696,-0.80544245,-0.13558099
event000115.png,3.290786,-1.6088787,-5.5789824
event000116.png,3.4668741,-2.7785182,0.41548157
event000117.png,4.7720714,-6.5128384,-2.8740861
event000118.png,2.3144948,2.725109,26.879944
event000119.png,6.5236883,-1.8998066,15.888367
event000120.png,2.4203982,3.4288733,-2.809246
event000121.png,1.2149148,-1.2052976,-0.41235277
event000122.png,5.8075824,-6.289265,29.924505
event000123.png,1.353119,-1.1277142,3.3522663
event000124.png,1.8753512,-1.0212771,2.9304001
event000125.png,3.938998,-6.801804,-3.4902372
event000126.png,2.3035605,-0.27945584,-1.4780269
event000127.png,3.4484582,-1.4534785,14.248928
event000128.png,4.5899506,0.41873133,9.557501
event000129.png,4.853768,-0.3016907,-0.12130133
event000130.png,2.9393892,-4.197766,12.136558
event000131.png,1.9830592,-5.642813,1.3070527
event000132.png,2.4299476,-0.09536195,-1.416988
event000133.png,3.4093947,0.042825438,16.689913
event000134.png,2.4605036,-1.7055243,-4.3066607
event000135.png,3.4129658,-9.548538,-25.485247
event000136.png,2.28174,-1.7178689,-0.7232908
event000137.png,4.3711815,-0.4012164,4.1314507
event000138.png,2.4236908,3.0701907,-16.175514
event000139.png,2.3385649,-1.6489075,0.025881276
event000140.png,6.8019376,13.473602,-6.6043816
event000141.png,0.7539026,-1.2522675,0.39091623
event000142.png,2.2196782,-0.17892917,4.5005913
event000143.png,1.8042467,-0.8967561,44.28267
event000144.png,1.8947493,-1.954089,32.76542
event000145.png,0.9180638,-0.07465775,2.3625703
event000146.png,3.959321,-2.6326413,5.7158704
event000147.png,4.781861,-6.9934363,-4.8077197
event000148.png,0.73641,0.5909935,-0.82099426
event000149.png,3.727191,-0.16917981,-7.554996
event000150.png,4.316281,-0.48090234,5.107498
event000151.png,3.6357436,-2.8670866,-3.1360462
event000152.png,3.8966484,4.333354,2.564902
event000153.png,1.7210327,-0.676675,-1.8573526
event000154.png,5.0074754,0.07748043,-6.3518386
event000155.png,3.4062114,1.2733386,15.029596
event000156.png,3.5484927,-0.43947124,-7.6718307
event000157.png,3.0874202,-0.17454633,-5.646194
event000158.png,3.6288857,-1.1819662,51.774467
event000159.png,3.762198,-1.5088536,2.0632374
event000160.png,3.9100955,6.280408,2.6106746
event000161.png,4.4045806,0.64168197,96.22375
event000162.png,4.0465436,-2.8545308,47.880665
event000163.png,1.5319523,-0.185109,1.2769698
event000164.png,3.9174156,-5.2860208,-4.740035
event000165.png,4.2454586,6.360575,-30.123901
event000166.png,2.5675676,-0.20952104,4.6943836
event000167.png,1.7566934,-0.5239306,-5.279771
event000168.png,5.834579,-6.8280063,-7.6976905
event000169.png,2.175691,-0.5718226,5.4257655
event000170.png,1.8166057,1.7476902,1.3561032
event000171.png,3.2515385,-0.28405514,5.834721
event000172.png,3.9300976,0.8262731,-1.0763875
event000173.png,4.0054216,1.6876525,-15.225541
event000174.png,5.511051,-10.89389,10.106416
event000175.png,5.1336646,5.9612055,34.231697
event000176.png,0.89938444,-0.9325452,0.27304083
event000177.png,3.1144803,-0.19889238,-5.3054433
event000178.png,2.9193943,3.5801556,48.176014
event000179.png,6.237629,-22.830038,23.99444
event000180.png,3.2802737,3.5030394,33.755222
event000181.png,2.978716,0.7329033,1.9336747
event000182.png,1.7896903,0.57415104,8.398261
event000183.png,1.8617481,-2.8637471,2.634698
event000184.png,1.7623999,1.1025755,1.4647967
event000185.png,4.0366397,-2.5374994,1.8024065
event000186.png,3.033273,0.010534931,-6.824434
event000187.png,1.0798416,0.729062,-0.8956
event000188.png,0.8715949,0.10557987,-0.18795866
event000189.png,3.5589283,-1.2533422,-2.0659595
event000190.png,1.6809224,-0.3719633,2.427434
event000191.png,4.157128,-3.5739017,-3.9729893
event000192.png,4.5165806,-1.7388389,-2.1699343
event000193.png,1.2832953,-2.2690508,-1.3687294
event000194.png,0.7897207,-0.38353258,3.2485824
event000195.png,4.0081067,-3.4636388,-1.3834516
event000196.png,3.3913755,-1.603183,12.861997
event000197.png,1.1707852,0.24107926,3.0310833
event000198.png,1.5723637,2.4124126,1.1961808
event000199.png,2.9326544,-0.7495344,3.4287574
event000200.png,6.1595902,-7.450793,0.01902312
event000201.png,2.2544556,-3.8139036,1.0025761
event000202.png,5.0609145,-4.343302,-8.456803
event000203.png,4.915309,4.9823613,-0.625993
event000204.png,2.4801795,1.1339954,-2.7390473
event000205.png,5.3258767,-0.761929,11.549617
event000206.png,5.3173456,6.0588675,-2.3779316
event000207.png,4.2498145,-4.6670923,21.691717
event000208.png,4.126362,-0.31275883,-2.9856026
event000209.png,3.7594318,-1.8785284,-2.176647
event000210.png,2.7177563,-6.1924586,-32.066525
event000211.png,3.3142025,-6.106345,81.79656
event000212.png,2.7477722,-1.0919511,7.291872
event000213.png,5.3947906,-2.4066474,7.068341
event000214.png,3.192461,-0.8797499,3.711454
event000215.png,3.697635,-6.1416016,-3.109176
event000216.png,1.4203919,0.41251665,-3.8883915
event000217.png,2.0455782,0.103060074,-1.6098961
event000218.png,2.8874948,6.2671976,4.551438
event000219.png,2.9677505,-2.487472,0.76679444
event000220.png,4.4921465,-9.11097,-1.4954145
event000221.png,3.6484077,0.10605808,-2.3487103
event000222.png,4.115457,3.9334958,-5.752279
event000223.png,4.175175,0.24742581,-0.14056996
event000224.png,4.522242,-5.3843846,1.8058691
event000225.png,1.7996886,-0.27531844,-1.9367718
event000226.png,4.6854973,-0.755258,3.20818
event000227.png,5.9822984,-1.7542819,6.720428
event000228.png,1.5931032,-0.7441111,1.4776225
event000229.png,3.9833317,-0.073747285,8.607648
event000230.png,3.1927104,0.21040039,0.18500265
event000231.png,5.995736,-3.1756997,-1.5072808
event000232.png,3.3041787,-1.1543038,-1.9362875
event000233.png,0.97717595,1.8627394,0.8815534
event000234.png,0.88587147,0.42871228,-1.5995189
event000235.png,1.217898,-1.3275031,-0.7834279
event000236.png,3.862552,-0.3965006,-7.5543613
event000237.png,4.417175,-5.287863,-16.588804
event000238.png,1.1571032,-1.0801415,0.10328126
event000239.png,2.860564,-0.60680985,4.613839
event000240.png,2.9747694,-1.5012721,-0.12470605
event000241.png,2.09892,0.17739905,-4.8236794
event000242.png,2.4549828,1.1772008,-0.36960045
event000243.png,4.7659116,-6.518037,-1.9837993
event000244.png,5.701695,1.7584174,3.5922077
event000245.png,3.8347085,-0.3017507,0.41791525
event000246.png,0.81555396,0.024031093,-3.6493986
event000247.png,0.61761236,-0.2961766,2.7618198
event000248.png,5.0483074,-2.7923384,-4.3637915
event000249.png,4.3717227,-1.0807964,-15.636645
event000250.png,3.3072503,3.0638916,-24.3022
event000251.png,2.9630482,-0.42113054,2.7300854
event000252.png,2.5330915,-1.1069466,4.991679
event000253.png,2.398649,-5.584435,0.94007605
event000254.png,6.699367,-3.1575768,-1.9705602
event000255.png,5.418805,-3.1490586,-4.5558
event000256.png,3.089782,-5.8578496,-2.9992425
event000257.png,1.9032059,1.5825415,-1.4778594
event000258.png,1.1636639,-0.72278714,-0.020058654
event000259.png,5.3240027,0.09094833,28.67783
event000260.png,0.69434583,-0.1588357,-0.69608897
event000261.png,2.601313,-1.3086096,-23.860977
event000262.png,2.6304152,3.1135585,-2.044418
event000263.png,3.4893117,-2.9305837,13.233579
event000264.png,3.0092807,-0.9004694,27.223452
event000265.png,3.4793668,-2.1021264,6.6037493
event000266.png,0.8199013,-1.1449142,3.298895
event000267.png,4.747616,5.965899,3.8502777
event000268.png,1.7402449,-3.7264452,1.0897356
event000269.png,1.4685863,-0.55777484,-2.0143871
event000270.png,5.020324,-1.7081851,-3.2765615
event000271.png,3.5170102,-0.17543954,0.3840169
event000272.png,1.052607,-0.56512386,0.8703732
event000273.png,3.6775353,-1.4115878,-2.5833826
event000274.png,7.003162,-15.710267,46.19803
event000275.png,4.234973,-6.4277906,-3.3019507
event000276.png,1.1398743,-1.6551718,2.3279138
event000277.png,5.2178426,-16.351854,13.199568
event000278.png,5.963283,0.13990541,-10.442761
event000279.png,1.8075049,-2.5340471,-0.9298695
event000280.png,3.2758849,-1.6337631,-5.275989
event000281.png,3.7937968,-1.3882443,32.774868
event000282.png,4.4722905,-2.3721404,-4.124069
event000283.png,3.2399867,0.7315654,0.67099243
event000284.png,4.313058,5.496179,2.8764756
event000285.png,2.1334112,0.81423265,-3.010794
event000286.png,2.297845,-2.8753653,-27.495573
event000287.png,3.35113,0.1420479,2.387655
event000288.png,2.56703,-3.2384613,-2.1335278
event000289.png,4.731225,-5.6932,0.16231081
event000290.png,3.363631,-0.37544736,3.9527764
event000291.png,3.707364,-3.5193837,-8.410602
event000292.png,7.4322357,4.083091,17.96171
event000293.png,3.1113825,-3.8416142,2.4772909
event000294.png,4.09428,-4.5788517,12.681072
event000295.png,3.1865895,0.17345223,-3.8003387
event000296.png,4.8363223,0.54259247,-4.9621434
event000297.png,3.4969246,3.5851548,-2.9790716
event000298.png,2.707785,-0.07732077,3.342691
event000299.png,4.720221,0.3992016,47.261353
event000300.png,2.4862409,-0.18484198,4.689129
event000301.png,1.4724083,-2.7274408,8.541117
event000302.png,7.7680573,0.42783362,2.3777452
event000303.png,3.1996672,3.439564,-0.09284542
event000304.png,3.5144374,-3.4446526,14.586784
event000305.png,3.277506,-1.66393,27.964096
event000306.png,6.498431,6.0735145,-13.22598
event000307.png,2.5422947,-0.9072993,-11.764535
event000308.png,3.8655229,-6.41707,-5.374558
event000309.png,7.2035093,8.945442,-5.68132
event000310.png,0.67958343,-1.0377191,0.08611441
event000311.png,2.9556713,-1.4483678,36.16744
event000312.png,4.677581,6.251546,3.5554793
event000313.png,2.4086072,-1.5669899,-0.60686487
event000314.png,5.9246016,-7.356881,-0.5290732
event000315.png,0.7269691,0.7552396,0.33418328
event000316.png,2.1857781,2.7655175,31.979443
event000317.png,6.085667,-0.47275853,10.046381
event000318.png,0.46289536,-0.09575829,-0.40226927
event000319.png,3.0660858,-3.4675934,-6.5032716
event000320.png,0.8237012,-0.13638237,-0.46840224
event000321.png,3.988539,-3.5305378,14.161171
event000322.png,3.7665462,-2.1146238,-3.4565327
event000323.png,0.8499078,0.056464255,0.13968699
event000324.png,7.1670065,-9.806238,-1.8792456
event000325.png,5.6307697,-2.9088168,1.2761849
event000326.png,1.0391935,0.36716273,-5.364309
event000327.png,3.1081405,-1.479945,-6.8849077
event000328.png,3.8177044,-4.087026,0.0366238
event000329.png,4.8322945,-3.3114507,5.0155783
event000330.png,1.6168369,-0.23918112,-1.6853259
event000331.png,1.8617802,-3.1059096,46.84376
event000332.png,5.4062037,-19.4162,24.805872
event000333.png,2.4356906,-1.1395949,8.282336
event000334.png,2.8327253,-5.067323,-3.883135
event000335.png,0.6160734,0.5804217,-1.26242
event000336.png,1.0392107,-1.1347392,0.28829375
event000337.png,3.65264,-1.6714262,-0.30642372
event000338.png,2.5470874,-0.17702504,-3.4801545
event000339.png,2.6056087,-1.0192266,33.421288
event000340.png,1.6981059,-5.1772428,-9.426626
event000341.png,1.1615543,-0.463408,13.137308
event000342.png,1.035264,-1.337808,1.8311074
event000343.png,4.162769,1.6905462,-4.6632204
event000344.png,2.6017504,-4.129064,4.679605
event000345.png,5.0588107,-6.3089004,-19.124056
event000346.png,4.2762065,-0.32946283,-18.704927
event000347.png,3.035762,-0.81042767,2.479425
event000348.png,4.2345576,-3.0935462,-0.85842085
event000349.png,8.265151,1.3962002,-8.47143
event000350.png,5.284756,0.6115856,5.7998743
event000351.png,1.6097806,-1.4486719,-1.318813
event000352.png,3.0570579,4.339335,2.9457214
event000353.png,3.8322144,-7.085144,-5.776035
event000354.png,1.3437546,0.8633449,0.272765
event000355.png,3.2603745,-0.91389716,0.36580795
event000356.png,1.1413673,1.4596595,-10.988032
event000357.png,1.2573217,-0.67003447,-2.0974722
event000358.png,5.8357005,0.7332533,-2.4338574
event000359.png,2.4231136,-3.243871,60.951427
event000360.png,2.4441085,-0.028936671,-2.725911
event000361.png,1.6038977,-1.896907,0.11346959
event000362.png,3.652672,-3.471175,1.0325593
event000363.png,2.8041637,-1.489555,0.23015973
event000364.png,2.9239569,-4.1858916,9.301786
event000365.png,7.646711,-4.744531,-16.275192
event000366.png,4.3183265,-5.552209,5.3814764
event000367.png,2.8319857,-1.9486339,-8.351262
event000368.png,3.693968,-1.7481812,28.245388
event000369.png,2.3130286,0.27146617,7.4426136
event000370.png,3.676197,-1.8919896,-2.5730984
event000371.png,2.54565,-0.7922427,-4.965401
event000372.png,3.849202,-2.3499131,7.3831477
event000373.png,2.1371546,-3.5303543,7.527143
event000374.png,3.7077563,-2.66091,6.279411
event000375.png,5.0154657,7.0801387,3.0573463
event000376.png,3.3824444,0.9620255,3.6054263
event000377.png,3.6808603,-3.1283584,-5.08996
event000378.png,3.3904855,-5.895915,6.6722636
event000379.png,1.9321916,1.1855327,-2.2644565
event000380.png,4.7448015,1.3188958,3.072847
event000381.png,5.0221415,-1.6412004,-6.0539327
event000382.png,1.895088,0.10226016,-1.6259812
event000383.png,2.642773,-2.7729192,10.043268
event000384.png,1.8088267,0.27636334,2.2441783
event000385.png,2.4569538,-0.71865004,21.154549
event000386.png,0.57655877,0.10617164,0.67101204
event000387.png,3.898442,-5.8568916,3.16932
event000388.png,1.055733,1.9627842,1.5056338
event000389.png,3.9488113,0.028405255,-7.329877
event000390.png,6.2437177,3.0448658,-11.973137
event000391.png,4.7732463,-1.1282665,-10.367838
event000392.png,3.9353566,-2.4006045,9.210986
event000393.png,1.7186131,-4.4226923,1.1506386
event000394.png,3.5541894,-2.1475494,-3.0020814
event000395.png,1.7437102,0.110057004,-1.4300543
event000396.png,0.81526935,-1.0731181,-6.875635
event000397.png,2.7437742,-1.8169377,3.5041938
event000398.png,2.6310494,-2.1501899,-2.1409526
event000399.png,3.6631987,0.84081507,0.8567079
event000400.png,2.76238,-6.769017,12.565959
event000401.png,4.037642,-8.315814,-1.7864851
event000402.png,6.899507,2.386916,26.974161
event000403.png,6.4916396,-0.4953056,-7.454884
event000404.png,2.0112011,-1.6462554,-4.3901434
event000405.png,3.5307834,-2.3468912,-7.1532044
event000406.png,4.1341033,0.1341745,35.841427
event000407.png,3.816292,-0.9216805,36.73776
event000408.png,2.1808474,-1.725859,-2.0141535
event000409.png,0.5919653,0.48801368,-0.10815216
event000410.png,1.1751535,-2.5047302,5.162421
event000411.png,4.3762665,0.8018676,0.7416175
event000412.png,4.6495085,-0.3872686,3.8794944
event000413.png,3.9637897,0.78041726,-11.316276
event000414.png,2.478418,1.0321833,1.9555999
event000415.png,3.3527093,1.953032,-9.780175
event000416.png,0.8736002,1.2486924,1.4248439
event000417.png,3.4655864,-0.6170902,5.961511
event000418.png,3.7252085,-1.499092,-8.380395
event000419.png,5.370445,-5.7765946,-4.311842
event000420.png,4.1161065,-2.8901038,0.055107325
event000421.png,2.5975223,-0.31804296,-3.8008149
event000422.png,4.165808,-0.7531336,5.396047
event000423.png,2.586394,-0.39817706,-3.925175
event000424.png,6.293677,-0.55545783,-12.497423
event000425.png,2.9066834,-4.272811,10.805122
event000426.png,1.8261875,-0.16989419,-3.9030335
event000427.png,3.0659146,-4.2166834,-2.8461382
event000428.png,5.444189,-0.43544742,13.846892
event000429.png,4.686237,-9.2293005,22.082638
event000430.png,3.8147464,-0.2727963,7.3896236
event000431.png,2.1435158,-2.3865752,-3.852809
event000432.png,4.165936,0.18100046,-2.7933226
event000433.png,1.8384736,0.10170884,-1.8467671
event000434.png,2.844817,-5.285367,1.5982897
event000435.png,5.0198307,-1.8745857,-17.011095
event000436.png,4.090807,-0.15575287,0.14630091
event000437.png,4.368178,-5.922381,45.44774
event000438.png,3.8114471,4.075598,0.8356243
event000439.png,4.353735,-0.3987844,-10.014186
event000440.png,0.9509947,0.0106229,-2.122942
event000441.png,2.4196043,0.1482197,5.3381634
event000442.png,1.7308415,-5.788698,7.298618
event000443.png,3.6803799,8.381101,3.763308
event000444.png,4.8983545,-5.362617,-62.821716
event000445.png,5.057397,10.086204,0.14572874
event000446.png,6.1960344,7.0328217,3.8576689
event000447.png,4.879521,-7.245504,-23.561373
event000448.png,1.4446044,0.007158362,-9.148771
event000449.png,3.279012,0.020064602,-3.6507618
event000450.png,2.8830373,-1.5976123,-2.0292
event000451.png,2.0281155,-4.6181417,8.158117
event000452.png,4.319465,0.41690284,-10.842625
event000453.png,4.8005595,-13.065177,1.6947321
event000454.png,2.594887,-1.8918768,-0.93797106
event000455.png,5.198636,-0.1144773,-2.0328183
event000456.png,2.8290071,-1.6258682,-17.359735
event000457.png,2.1757867,-1.0027001,2.1340878
event000458.png,1.6028732,-0.9939008,-17.418398
event000459.png,0.8134649,-0.99780494,-5.884217
event000460.png,5.45196,5.3737206,57.014893
event000461.png,7.561156,-3.9312344,-21.66217
event000462.png,4.5874395,8.594623,-37.122112
event000463.png,2.217858,-3.0743082,-10.863357
event000464.png,1.4034717,-0.068584755,2.232781
event000465.png,0.9521463,-0.036503963,-1.6640544
event000466.png,0.8006519,0.6178892,-0.79114765
event000467.png,5.3347416,-2.5014849,12.3203335
event000468.png,2.2240891,0.3479992,-0.6037744
event000469.png,5.2971087,-8.457244,-1.947491
event000470.png,1.3913704,-0.2905838,-1.1791673
event000471.png,3.4185448,-0.5041534,12.3606615
event000472.png,0.91022766,-0.5399507,4.0333443
event000473.png,1.7681748,-1.6776321,-1.1360025
event000474.png,2.3475711,-0.7482056,28.254519
event000475.png,3.0888636,4.9563074,4.821142
event000476.png,7.358046,-3.1745913,-86.932434
event000477.png,3.5584726,-1.9061081,0.13224924
event000478.png,3.5656264,-1.890788,-0.23432374
event000479.png,4.8129554,-7.0727553,12.97221
event000480.png,7.7414994,-13.294686,-4.878493
event000481.png,3.4340596,-1.2837874,-9.878955
event000482.png,3.6822944,-0.49577075,1.4597629
event000483.png,4.940627,7.7170286,-33.57577
event000484.png,2.1068017,-2.056103,-14.491181
event000485.png,2.3295372,-0.57446176,5.7128053
event000486.png,1.2865305,-0.8217966,2.6731884
event000487.png,2.7989287,-3.5551503,-6.1246758
event000488.png,3.3737292,0.2222718,0.91509086
event000489.png,3.0103035,-3.8259206,-0.66236603
event000490.png,3.3268578,5.639817,2.1591837
event000491.png,5.361731,-7.6373277,10.060674
event000492.png,1.4085416,1.1061914,-0.86241806
event000493.png,1.792116,-1.8013873,-0.013250396
event000494.png,6.854335,1.6415535,5.3909745
event000495.png,5.5683384,11.3090315,2.003925
event000496.png,1.4427818,-2.322642,6.0805674
event000497.png,5.4531217,2.8053973,156.03337
event000498.png,7.1416802,10.988553,-4.869069
event000499.png,3.6493459,5.1159754,2.6152987
event000500.png,2.2810104,-3.1606376,11.759059
event000501.png,4.4438195,-4.277572,4.4400434
event000502.png,0.63873845,-0.707496,-0.45573702
event000503.png,1.3355746,1.0670134,1.003853
event000504.png,2.2708871,-1.7444696,5.3807974
event000505.png,2.603343,-6.507383,8.204573
event000506.png,6.5948677,-14.906162,49.820717
event000507.png,2.8187332,-0.8685808,-1.8939115
event000508.png,4.424483,2.774259,-0.0111231655
event000509.png,0.7834762,1.513738,1.6337578
event000510.png,2.328914,4.3974895,1.7870141
event000511.png,3.3176842,-3.9631174,23.857592
event000512.png,3.6091597,-3.2212641,6.5041947
event000513.png,3.6446543,4.5199523,42.3556
event000514.png,4.775575,-8.868186,-26.866457
event000515.png,5.8681226,1.305916,-15.642504
event000516.png,2.4940708,-2.1751754,13.407162
event000517.png,3.2559662,-1.9645742,-1.55723
event000518.png,2.4193807,-0.79436046,-38.70541
event000519.png,2.6153522,1.8767803,-5.583241
event000520.png,2.0121102,-0.1034232,0.9303462
event000521.png,2.0521314,-3.0511067,-1.4502288
event000522.png,2.7132788,-2.2794535,-3.4446363
event000523.png,4.3427463,0.16155714,-1.0663462
event000524.png,1.1280981,1.1968482,0.5126417
event000525.png,1.0141793,0.11949419,0.05888257
event000526.png,2.930565,-5.31347,-2.1816638
event000527.png,4.093435,4.4026985,0.19258991
event000528.png,4.2723856,-0.9977611,-4.4167633
event000529.png,1.7967588,-3.0006123,4.30178
event000530.png,2.1610901,2.6138568,-4.2692046
event000531.png,4.793919,1.2533067,-13.552853
event000532.png,5.986071,-10.635466,21.53305
event000533.png,1.7227333,-0.46282905,-3.316561
event000534.png,0.9844512,0.040019546,-0.48096082
event000535.png,3.120539,-0.71139234,-6.234293
event000536.png,1.4377238,0.09473929,-0.6840653
event000537.png,1.2782712,1.8676074,2.4386592
event000538.png,7.542564,14.016857,4.2402415
event000539.png,3.9416354,0.14641339,-5.1623373
event000540.png,2.2882035,-3.0654335,6.8685174
event000541.png,2.614262,-1.4367237,0.29334983
event000542.png,6.866858,-10.008346,-13.607737
event000543.png,1.0018727,0.76351845,-1.363901
event000544.png,2.3926365,-5.411339,29.553726
event000545.png,2.4679084,0.5908889,0.230596
event000546.png,1.0206336,-0.6682755,0.12160205
event000547.png,3.6759255,-6.149031,-4.591799
event000548.png,5.647896,11.258333,-4.61408
event000549.png,4.1869564,-5.346387,8.07987
event000550.png,4.884671,-4.345171,-6.534418
event000551.png,3.0761364,-0.48582387,19.526073
event000552.png,5.280944,-6.5247183,27.115541
event000553.png,0.79136175,-0.4614393,0.4221244
event000554.png,4.5213795,-1.7817401,1.5153819
event000555.png,3.8137445,0.68230015,-2.137374
event000556.png,3.392042,-4.6613555,-6.468985
event000557.png,0.7663026,-0.4021693,0.75180835
event000558.png,4.0643716,-4.865437,-1.8651199
event000559.png,2.1842353,-1.1743976,2.1776628
event000560.png,4.927484,-3.5911386,-4.3538003
event000561.png,1.9460194,-1.9890138,1.5262319
event000562.png,1.6136351,-3.7221787,5.4391885
event000563.png,5.5560546,-10.046015,-17.85146
event000564.png,2.2912388,-0.95590806,13.524746
event000565.png,4.2905045,-5.460921,-2.2084906
event000566.png,3.5800695,2.0952852,-0.7520155
event000567.png,0.77326757,-0.18039331,0.9479577
event000568.png,3.539862,-5.465015,-5.64946
event000569.png,4.337707,2.635724,1.6216501
event000570.png,4.968948,-16.219126,19.663092
event000571.png,4.6218333,1.3536994,-2.8669329
event000572.png,6.621991,-17.601456,3.4866025
event000573.png,2.0541902,3.7676485,0.5836695
event000574.png,4.145869,-2.233563,0.99210155
event000575.png,1.2629298,-1.5603589,-2.9850795
event000576.png,2.3362103,-1.592592,1.6199839
event000577.png,5.738584,-3.8410993,-12.442839
event000578.png,1.9993976,-0.021864466,5.061249
event000579.png,3.8097723,-0.9131599,13.326112
event000580.png,5.7175064,5.534651,42.15414
event000581.png,5.293571,-4.224169,-4.0303044
event000582.png,1.9409342,1.1901205,-7.427953
event000583.png,3.872029,-3.256415,-7.075111
event000584.png,5.8739705,0.13214362,0.22857651
event000585.png,3.1080296,-1.231608,-10.51619
event000586.png,3.33924,-4.0456204,-1.3737653
event000587.png,0.8878774,-1.1661884,-0.5658013
event000588.png,3.7271748,-1.3030999,0.6071166
event000589.png,7.1540456,2.695785,-7.580611
event000590.png,0.57375413,-0.19836368,0.80682665
event000591.png,5.8832836,-0.73366004,6.421308
event000592.png,2.8415642,-0.34089345,-24.934855
event000593.png,4.548114,-0.30032843,23.249157
event000594.png,4.5176625,-4.567747,1.228166
event000595.png,1.5091977,0.8625467,-3.4992726
event000596.png,5.0696845,-1.0561126,-3.3529112
event000597.png,2.3550727,1.3586576,5.5686173
event000598.png,3.7765017,-3.8978913,0.57090855
event000599.png,3.5458546,-2.7308333,2.8896258
event000600.png,2.966274,-0.81710666,-6.547173
event000601.png,3.216375,0.9041306,-0.68068445
event000602.png,2.3530557,-1.1352495,-5.326182
event000603.png,7.213849,-13.61047,-13.250903
event000604.png,4.1310573,-0.448744,-0.6777894
event000605.png,7.151629,-0.5473876,-5.6905684
event000606.png,4.946954,-7.2243876,-23.204784
event000607.png,7.214552,-9.76503,0.42953354
event000608.png,4.477117,-0.13479848,-4.0155606
event000609.png,3.7511277,-2.3807485,15.521302
event000610.png,3.19736,-0.9760249,1.1746136
event000611.png,4.662886,8.703128,3.3445
event000612.png,4.5764394,-2.2520957,4.403599
event000613.png,2.3979099,-0.71357685,-0.46283832
event000614.png,5.9457026,-4.014867,-3.0595052
event000615.png,1.3588765,-0.77716696,4.127806
event000616.png,7.8448725,14.98639,-11.344278
event000617.png,5.5225916,-2.863476,4.609561
event000618.png,2.7868412,-3.1311467,-0.87995595
event000619.png,1.2527727,-0.8047577,9.617564
event000620.png,3.556695,-6.6096325,-7.279002
event000621.png,4.6672106,-9.255306,-5.4985833
event000622.png,2.377861,0.32771474,0.9811031
event000623.png,4.5280623,-2.3063388,67.35774
event000624.png,1.0418015,-0.61906236,10.577288
event000625.png,4.741909,-4.689619,-3.0386858
event000626.png,3.4270425,-1.2252449,-11.816381
event000627.png,2.522216,-4.403912,-10.293446
event000628.png,4.1380906,-0.45471883,-3.002198
event000629.png,1.6861244,-1.3483251,3.9385998
event000630.png,6.4720488,4.432352,-28.424547
event000631.png,3.2411711,0.42227322,-3.8392572
event000632.png,4.440147,-0.098945975,-2.8435905
event000633.png,1.95772,-0.78287274,-0.7065089
event000634.png,0.6477827,-0.08415406,1.4598786
event000635.png,2.7728913,-0.8205644,48.01734
event000636.png,1.3734803,-0.6249607,-3.3278668
event000637.png,1.5842707,-1.0807168,-3.3495874
event000638.png,2.0334773,-1.0342133,-3.974261
event000639.png,4.3024416,-4.3799906,0.5456531
event000640.png,3.7950916,2.3627453,5.6165557
event000641.png,4.624394,0.08737169,-3.6605387
event000642.png,3.4210443,-0.58175486,-2.0699131
event000643.png,2.5150933,0.0063628396,-0.013381451
event000644.png,3.564894,-0.6770268,-8.894779
event000645.png,1.014928,-0.7265167,-1.2117895
event000646.png,2.8356695,-1.9178221,8.744688
event000647.png,3.6199236,-0.27436355,7.421517
event000648.png,1.6753551,-1.4078633,0.14168976
event000649.png,3.9035094,-6.3323793,-2.8274412
event000650.png,1.2352302,-0.072315335,0.2340622
event000651.png,4.900628,4.298918,23.080261
event000652.png,6.2335124,-7.9016647,9.876586
event000653.png,3.9004786,-6.0034375,4.4847355
event000654.png,4.3501616,-6.38757,-3.1968303
event000655.png,2.7883298,-0.23469901,-3.2788622
event000656.png,5.160817,5.1672425,28.411966
event000657.png,5.557239,6.183107,-3.9286296
event000658.png,3.9898272,4.6959968,-10.47667
event000659.png,4.440991,-3.809136,15.534504
event000660.png,1.3298212,-0.5542971,2.3491697
event000661.png,1.55627,-1.8026092,-5.466376
event000662.png,2.6304395,-1.2489527,-6.0440784
event000663.png,6.0865173,0.70171565,-8.383004
event000664.png,2.3049898,-0.19408777,-3.983822
event000665.png,3.9199414,-4.1290617,10.129193
event000666.png,2.6533585,-6.8871713,-2.4675486
event000667.png,1.030322,1.6929651,-7.737792
event000668.png,1.5992131,0.1635511,-1.8611237
event000669.png,5.487981,-8.982667,-9.995905
event000670.png,4.192922,-0.69364995,29.71642
event000671.png,0.84525687,-0.21824938,-1.4247724
event000672.png,2.1698668,-3.515824,2.6440835
event000673.png,3.984874,-7.2384653,-2.8396707
event000674.png,1.7000209,-1.01034,-1.8620663
event000675.png,6.554587,-7.2627754,-5.1467276
event000676.png,2.5412252,-0.63778555,-1.2722459
event000677.png,4.0657816,-1.6712853,-12.165403
event000678.png,4.925526,-2.0864341,-13.729182
event000679.png,6.120461,-19.665436,1.9784852
event000680.png,1.4290929,-0.6323931,-5.4631286
event000681.png,1.2097069,-0.12995262,2.188348
event000682.png,3.093232,0.03287407,-3.8467567
event000683.png,3.2893634,-0.20846808,3.5483081
event000684.png,1.4597352,0.5143315,-3.270804
event000685.png,4.3466787,1.256912,-31.49824
event000686.png,3.1378348,-0.8518433,-2.0881493
event000687.png,3.7681963,-2.3284516,1.085299
event000688.png,2.7604637,-1.4204354,0.9518582
event000689.png,5.7083654,3.844563,-5.942079
event000690.png,5.027476,5.6339183,-1.8833654
event000691.png,2.924939,3.2867374,0.41350445
event000692.png,3.4491637,-5.214392,-7.0274305
event000693.png,0.7414197,-0.5629039,2.938652
event000694.png,4.558464,-2.7591765,-0.5609645
event000695.png,3.7721782,-5.2280498,0.58108634
event000696.png,1.3427776,-1.6854607,3.7537994
event000697.png,4.5010924,-3.517359,59.965218
event000698.png,3.374359,-0.08289224,-13.767734
event000699.png,1.4401445,0.337273,-3.4494653
event000700.png,5.911538,-2.7696784,1.0772467
event000701.png,3.4359636,-2.832149,-2.9854577
event000702.png,3.4712255,-0.15687023,-0.5293265
event000703.png,3.1164498,-1.0884163,2.3161523
event000704.png,2.486282,-4.2135572,2.7409317
event000705.png,2.0722094,-0.001394778,-2.3584108
event000706.png,4.729783,-1.7292954,-0.9066232
event000707.png,4.3074102,-2.773453,-1.2975858
event000708.png,0.7716085,-0.1469222,-1.2779853
event000709.png,2.0192425,-3.0934966,15.099389
event000710.png,0.69623715,-0.56212026,-0.22465554
event000711.png,2.5735178,-1.4473296,1.964912
event000712.png,4.0711136,-3.5693238,-3.7624822
event000713.png,4.6412606,-3.6755524,-3.9371345
event000714.png,2.5610168,-3.7615666,-1.3953904
event000715.png,4.0654893,-6.128078,-4.939291
event000716.png,6.8589087,-9.943644,-13.771851
event000717.png,3.8442385,-1.9154431,3.8273833
event000718.png,1.6709385,-0.14101534,-2.2482238
event000719.png,6.401273,1.1756618,-2.342964
event000720.png,4.6880746,-6.3485723,19.559263
event000721.png,7.146268,-3.3319175,-21.439938
event000722.png,7.0407534,1.4909271,-2.1316571
event000723.png,1.5619078,-5.638662,5.290999
event000724.png,3.8497355,-5.4237695,5.349554
event000725.png,1.8141418,-2.4992468,-1.5524975
event000726.png,3.40916,-2.647633,-0.85189176
event000727.png,1.4810675,-1.6926317,-2.5312524
event000728.png,3.2435734,-0.8656555,-2.279393
event000729.png,4.9942064,0.0035727392,1.804582
event000730.png,2.5442894,-0.3316811,-5.2027016
event000731.png,4.109082,2.9494133,0.5075704
event000732.png,3.5349934,-0.034547694,-4.3924084
event000733.png,1.9071233,-2.0173428,2.7435977
event000734.png,4.863109,0.21867645,-46.911728
event000735.png,6.8308015,1.1729596,-1.101522
event000736.png,7.021466,-1.7868354,9.835261
event000737.png,2.0467215,-2.089895,-2.1511219
event000738.png,5.7458935,-5.952749,-23.739447
event000739.png,2.006314,-1.0102756,-1.4399139
event000740.png,6.254776,-10.604549,-57.046856
event000741.png,3.520362,-5.3108044,-2.9048994
event000742.png,1.6496629,-0.014674965,13.919863
event000743.png,6.3530164,-9.108991,155.83714
event000744.png,7.243445,-1.1403005,-4.229067
event000745.png,2.3807871,1.2245266,-0.24722663
event000746.png,5.211254,0.2512224,0.6442124
event000747.png,2.9919202,-0.30092254,14.258206
event000748.png,2.2864835,0.1871145,-2.1876202
event000749.png,4.3602653,-1.0986036,-0.8873252
event000750.png,3.9479392,-0.35910553,-6.390477
event000751.png,3.2943943,-2.7355757,-1.2047633
event000752.png,1.9280448,-1.5799975,-0.36231413
event000753.png,2.1302762,-0.4597554,4.213522
event000754.png,5.5546126,-23.331692,4.4703236
event000755.png,1.6559443,-0.36514905,-1.9176008
event000756.png,3.559624,-1.9626759,1.5368634
event000757.png,4.2317557,-0.55115277,3.1021874
event000758.png,0.5666632,-0.100704655,-0.2773552
event000759.png,2.1078527,-3.2531564,-2.6374376
event000760.png,4.6303387,6.835625,-4.014021
event000761.png,0.94325715,-0.12356047,0.0029025003
event000762.png,0.9081936,0.017426671,-0.89235055
event000763.png,2.462565,-3.7563016,3.8392036
event000764.png,4.251929,-0.4697394,8.2586975
event000765.png,3.701429,-4.112509,-1.4295444
event000766.png,1.9997387,-4.001402,1.1162747
event000767.png,2.7669199,-0.40071794,-3.2337074
event000768.png,0.9649523,-0.06117481,11.978365
event000769.png,2.3572688,-4.3443646,-3.9872959
event000770.png,1.3592588,-1.9517282,-1.12583
event000771.png,4.6560507,-2.4361756,-10.60934
event000772.png,5.074638,-8.780146,-5.39208
event000773.png,0.7547263,-0.013867009,2.5674703
event000774.png,4.202889,1.0810746,4.4454536
event000775.png,5.367411,-7.780124,-4.51003
event000776.png,3.5550811,3.202857,-14.906016
event000777.png,3.2465627,-1.2386345,0.90173095
event000778.png,4.049186,-1.4143823,0.14429072
event000779.png,5.1510863,-9.864951,-9.628882
event000780.png,5.453325,6.8284907,6.353996
event000781.png,3.015703,-0.3202464,-5.988338
event000782.png,3.3975892,-1.5403742,0.59872556
event000783.png,1.6292044,-2.5913677,6.574307
event000784.png,1.4489796,-0.8917584,-1.8474323
event000785.png,2.861642,-4.1996346,-21.367455
event000786.png,5.327555,-6.1268363,-4.351975
event000787.png,2.3541732,0.156204,6.2296634
event000788.png,2.6959643,-1.7963607,2.106817
event000789.png,3.9710467,-1.2283692,-3.3555875
event000790.png,2.199021,-2.0652678,-0.90366143
event000791.png,6.635265,4.1808295,-62.34468
event000792.png,4.5983515,-2.5950015,-1.4288515
event000793.png,2.4291754,-4.9155993,1.0017163
event000794.png,3.0105708,-1.3318778,-0.30909678
event000795.png,3.1190553,0.7931627,-1.6226249
event000796.png,2.640116,-1.4072185,-4.8552084
event000797.png,5.59422,-1.0469738,46.248768
event000798.png,3.3294222,-4.8971915,9.339206
event000799.png,2.404998,-0.7993141,-4.0962934
event000800.png,3.034798,5.673304,-1.3347806
event000801.png,5.5813065,-14.106802,-5.1170993
event000802.png,4.791892,-1.5306398,9.00456
event000803.png,3.7920516,-1.8694164,-5.653027
event000804.png,2.8490498,-1.2317173,-3.2897027
event000805.png,1.1621388,-0.81439286,2.0328264
event000806.png,3.9171934,0.2940912,-3.3065286
event000807.png,2.6880975,-1.2309638,-2.447981
event000808.png,4.7686515,-13.968534,10.592338
event000809.png,4.7654724,-11.158033,-85.50987
event000810.png,3.5014114,-4.3297915,-1.8471226
event000811.png,3.273515,0.30215082,-2.4357815
event000812.png,5.4770503,-5.2898207,33.939594
event000813.png,1.1702511,0.74568534,-11.665414
event000814.png,3.5894754,0.1183064,-0.58515733
event000815.png,0.945048,-1.5005221,-0.19711688
event000816.png,6.920002,-9.713921,28.619009
event000817.png,4.261869,6.8777156,-0.9581055
event000818.png,2.3333359,-3.398903,-0.43781373
event000819.png,4.8770633,-5.212716,-0.73572
event000820.png,0.541762,-0.8075548,11.3143015
event000821.png,2.039276,2.5550556,-0.15024844
event000822.png,1.2575755,1.6298339,1.9433451
event000823.png,0.94971424,-1.564306,-1.1469638
event000824.png,5.1944046,-7.5460153,14.5773735
event000825.png,3.0097058,3.3619788,49.140198
event000826.png,3.8760314,-0.5520253,23.611923
event000827.png,1.1930006,-0.47077626,-2.393902
event000828.png,2.9853501,-0.11133835,1.6709536
event000829.png,2.0284784,-1.7100121,-2.7675488
event000830.png,1.8313427,-0.030915761,-0.11856032
event000831.png,4.0641084,-2.2534409,-3.8872557
event000832.png,5.49876,0.8954845,-5.713444
event000833.png,3.1063175,0.31511495,-3.2025568
event000834.png,3.0438774,-4.4551597,12.575642
event000835.png,4.309828,5.899399,6.582486
event000836.png,2.9400775,1.3634895,-6.6755614
event000837.png,7.034574,-3.2176898,13.745579
event000838.png,0.6676304,-0.8560139,2.6723833
event000839.png,4.1218944,-6.6179423,4.6593485
event000840.png,4.5238905,0.010545308,-7.1306596
event000841.png,4.298639,7.224675,1.1491907
event000842.png,2.0210981,-0.97617036,0.68331116
event000843.png,2.2126265,-3.2040303,31.17641
event000844.png,3.592223,-1.9546322,-6.714745
event000845.png,0.6803272,-0.0042849076,-0.13135779
event000846.png,4.667366,5.6944494,2.6322622
event000847.png,1.4286951,-0.124438435,-0.86413217
event000848.png,3.6851234,-0.40236446,3.6507368
event000849.png,1.3765216,-0.24936315,1.1891547
event000850.png,4.8872232,-1.6775998,-25.503902
event000851.png,3.8294485,-7.5156007,-6.5410447
event000852.png,4.7545557,-4.2242174,-0.17205173
event000853.png,4.4458756,-7.5762105,3.37658
event000854.png,1.5951861,0.1570539,-6.548905
event000855.png,6.5286098,4.123721,2.992851
event000856.png,2.2151117,-1.8755008,8.618316
event000857.png,2.72632,-0.1890611,5.5182576
event000858.png,2.905331,-0.010773726,8.121147
event000859.png,5.025308,2.5260327,-7.895576
event000860.png,3.80598,1.0341036,-8.239058
event000861.png,1.8297936,0.9347265,-2.5605752
event000862.png,5.6328974,-9.558837,-4.8554206
event000863.png,2.343668,-0.10035252,17.114185
event000864.png,1.4069028,0.14565061,0.626139
event000865.png,5.586363,4.1317396,-5.6635776
event000866.png,7.737261,-23.797976,-46.303146
event000867.png,2.186812,0.023267021,2.4337516
event000868.png,3.5944703,-8.349682,-60.95292
event000869.png,6.149303,2.4931242,-4.818767
event000870.png,4.222191,1.1789433,-4.7623863
event000871.png,3.5628538,2.9282305,-8.377919
event000872.png,6.03222,-3.5058908,74.89002
event000873.png,6.8804646,-0.21248421,3.4093225
event000874.png,3.0394132,0.3847308,0.581564
event000875.png,1.0407025,0.12557094,1.2719619
event000876.png,1.0838658,0.09697429,-0.48900232
event000877.png,1.9671739,-0.27333665,-2.1758993
event000878.png,2.8288805,-4.3109207,-6.6817665
event000879.png,1.7359362,-1.0542393,14.657783
event000880.png,2.753406,0.31430742,-4.572801
event000881.png,4.3150506,-6.6412945,-4.154119
event000882.png,2.122113,1.7060443,-2.168881
event000883.png,3.2230294,-0.06657067,3.184733
event000884.png,3.2042472,-0.062371388,-2.3224914
event000885.png,3.7008827,-9.053468,-64.16708
event000886.png,0.66980755,-0.34338692,-2.0982692
event000887.png,2.9071577,-0.7391882,-1.808535
event000888.png,4.400579,6.269854,3.3765633
event000889.png,3.575198,-0.9476992,-4.586272
event000890.png,1.1257987,-0.13168289,1.2675402
event000891.png,2.1798763,-0.5200907,12.192565
event000892.png,4.183562,-2.789358,-1.8882824
event000893.png,1.5055618,1.5266958,15.246689
event000894.png,3.2653337,-0.6221383,-7.009954
event000895.png,4.932927,0.23753817,8.679776
event000896.png,1.3294183,0.029344443,1.4322603
event000897.png,5.5613823,0.9068929,-1.2375848
event000898.png,5.6755295,-3.523827,-28.550808
event000899.png,3.798253,4.2291527,-1.8767327
event000900.png,6.6363797,-0.12887956,5.330575
event000901.png,2.4765592,-2.0837228,-22.19181
event000902.png,2.8273444,-0.9857077,-0.40941378
event000903.png,3.2403586,-1.028761,-4.3137155
event000904.png,3.4771984,0.49101767,-2.3073013
event000905.png,4.5245814,-2.3299987,-18.739182
event000906.png,5.5144653,-3.365601,-5.2389507
event000907.png,2.756802,-1.0676897,-16.275293
event000908.png,2.540184,-2.0937178,-2.5524647
event000909.png,3.2366796,-3.4594767,20.232344
event000910.png,2.565044,0.055147026,-0.11680045
event000911.png,0.79868937,0.4506719,-3.079341
event000912.png,0.9571023,-0.80822384,4.2783823
event000913.png,3.8633008,0.023385841,-5.286562
event000914.png,1.370887,-1.0653017,0.21731701
event000915.png,3.8981152,5.4754233,1.2667125
event000916.png,5.267203,0.22471376,-3.5898232
event000917.png,4.7207227,-9.459852,1.8301134
event000918.png,1.4218103,-0.47564706,8.974281
event000919.png,6.4707985,-18.712774,52.793995
event000920.png,1.3971483,-0.7507472,2.5255053
event000921.png,2.8842363,-2.1930008,0.33179623
event000922.png,3.149711,-3.9800036,0.21481505
event000923.png,2.8487275,-0.8205207,-1.8953274
event000924.png,3.8496795,-0.41923487,-3.5119472
event000925.png,2.497009,3.0066962,-5.398893
event000926.png,7.0840592,-7.194108,28.862066
event000927.png,1.7414261,-0.046740383,-3.1011777
event000928.png,3.2572892,-5.7895923,6.8567348
event000929.png,2.0615213,2.0703819,-3.2388637
event000930.png,2.893503,3.1692502,28.544767
event000931.png,3.23335,-3.3882272,-11.957634
event000932.png,3.8291166,-9.328723,2.400157
event000933.png,2.5666523,-0.94340414,0.8690454
event000934.png,3.273988,3.9079366,-1.2368749
event000935.png,3.8349116,-3.108085,-0.42630026
event000936.png,0.6682903,-0.5479616,-0.43149176
event000937.png,1.2519194,-1.8938395,-0.7831735
event000938.png,1.7421473,-2.352237,7.302613
event000939.png,0.7591267,-0.18972719,1.5545179
event000940.png,1.404326,-0.5990365,-2.0217164
event000941.png,4.1901145,-1.5053077,-2.527538
event000942.png,2.5381544,-4.1081758,-5.3806276
event000943.png,5.953964,-7.802754,-3.008551
event000944.png,3.676455,-1.4755017,-8.063483
event000945.png,4.2479978,-11.066574,2.631739
event000946.png,3.4934137,-0.3956275,-6.5554557
event000947.png,6.0595236,-23.495218,19.327562
event000948.png,3.432593,1.2726041,-9.040358
event000949.png,4.0415063,-2.2674477,-6.61503
event000950.png,1.8288198,-1.0618869,-0.09788021
event000951.png,4.7159452,-6.176051,0.20411476
event000952.png,2.7590144,-0.05638768,4.1727853
event000953.png,1.3912761,-2.075547,24.806818
event000954.png,5.837818,-2.6001563,12.7769
event000955.png,2.1072776,-1.1972752,-20.525103
event000956.png,3.1065698,-0.83731455,-6.3085704
event000957.png,6.255698,-5.4432864,-6.6140523
event000958.png,2.530902,-4.3903627,1.9923149
event000959.png,4.118557,-1.9582279,-11.440373
event000960.png,2.831193,-7.5581903,1.35122
event000961.png,5.792564,-5.8422713,6.6533756
event000962.png,0.94346905,-0.58716446,0.17074299
event000963.png,0.98178023,-0.90623677,-6.316584
event000964.png,3.3302696,0.06943676,-7.289758
event000965.png,4.415558,0.99711204,0.13673773
event000966.png,3.645247,-4.4650683,-3.4324403
event000967.png,3.4599807,-2.4304771,-4.137137
event000968.png,3.8577833,-5.9096823,-4.955041
event000969.png,5.0335264,5.6011868,-36.629078
event000970.png,4.13399,-3.1767468,-4.30016
event000971.png,5.1499066,-7.4407587,28.847538
event000972.png,2.5054417,0.21511589,3.3659244
event000973.png,4.3427086,-4.293404,24.822237
event000974.png,0.5534406,-0.65314835,-0.058418743
event000975.png,2.20328,-1.0469388,3.168583
event000976.png,3.131891,0.3255551,0.09566307
event000977.png,2.8735182,-3.5837064,0.18204886
event000978.png,5.3212237,-7.4521804,-3.0535638
event000979.png,3.5889177,-1.7208278,0.32147527
event000980.png,4.3310437,-2.4601655,71.974846
event000981.png,5.3528666,5.004325,1.3920932
event000982.png,3.6465158,-6.7249317,-4.1652727
event000983.png,2.2184398,-0.20908368,-0.7372185
event000984.png,3.3868327,0.07137689,-6.4902954
event000985.png,3.3869665,-0.6335164,-0.01405298
event000986.png,4.314355,-3.6584067,-0.66994554
event000987.png,2.396,-0.38786706,2.833073
event000988.png,2.6997204,2.815326,-2.6510751
event000989.png,3.4841688,2.2622633,-8.094561
event000990.png,4.321553,-4.400196,3.0069559
event000991.png,1.1360793,-0.3925126,-1.2352145
event000992.png,1.2604666,-2.132199,-1.5195774
event000993.png,6.8841896,-7.2758975,-16.404104
event000994.png,5.285515,0.5804242,-20.847366
event000995.png,3.948877,-0.05479405,14.82278
event000996.png,6.220901,-0.50478786,12.930379
event000997.png,6.394883,-18.909046,3.3853123
event000998.png,5.734449,0.97552705,-1.9995824
event000999.png,4.619196,0.86613536,6.235959
event001000.png,2.4457228,-0.38039973,-1.4978892
event001001.png,4.962289,-0.17325743,-4.816268
event001002.png,2.751839,-1.014916,2.7206645
event001003.png,2.7051022,-2.3456247,-2.0172853
event001004.png,1.9908249,0.44471756,-3.677676
event001005.png,3.3678586,-0.65072966,0.22301829
event001006.png,1.5382495,-1.3335993,0.1367958
event001007.png,6.7695065,10.323016,6.90336
event001008.png,0.64140904,-0.3068048,-0.45041308
event001009.png,3.4633005,-0.19594586,6.4157314
event001010.png,6.271612,0.6011694,-5.380786
event001011.png,3.0404005,3.8256905,-10.792279
event001012.png,4.0157976,-0.94467115,8.038846
event001013.png,3.714791,-2.228737,-6.28613
event001014.png,3.4757981,-3.8905032,44.01497
event001015.png,3.3520167,-1.8759815,-7.6155953
event001016.png,3.5509944,-6.7368703,2.4056194
event001017.png,1.849036,-0.87903196,10.625847
event001018.png,2.8614242,-2.14996,-0.4025487
event001019.png,4.8257456,-4.8192735,-32.62551
event001020.png,2.082011,-3.203212,7.9530435
event001021.png,2.5679522,2.0025601,-26.836649
event001022.png,2.3336856,-0.43364495,1.2774622
event001023.png,2.5777056,-7.779119,5.178897
event001024.png,4.310521,-0.63734305,-7.252152
event001025.png,3.5637481,0.60394424,3.5417805
event001026.png,4.317408,-15.1641245,18.261541
event001027.png,1.0662258,-0.89444983,-0.53815657
event001028.png,3.3154607,-1.1748868,-6.366712
event001029.png,0.7179479,-0.39571598,0.06672927
event001030.png,5.129868,0.008021345,-9.22209
event001031.png,5.081146,3.752891,-12.13251
event001032.png,2.9880812,3.801482,-19.374846
event001033.png,3.1399057,-1.4668782,0.3113117
event001034.png,5.890565,-0.4071861,8.317146
event001035.png,2.8917215,-2.8189402,-0.58429235
event001036.png,5.2013874,-3.4060917,-5.150623
event001037.png,4.5685554,-7.3492165,22.05491
event001038.png,3.4657335,-2.9256046,-3.1127121
event001039.png,3.322127,-6.4408603,-5.3412857
event001040.png,1.8683836,1.9591504,10.477488
event001041.png,2.9449813,0.5848173,-0.52367574
event001042.png,4.826052,-6.752536,12.333739
event001043.png,3.1731625,-0.42802683,5.223257
event001044.png,2.2551756,-4.2103643,-4.035942
event001045.png,2.3130372,0.5933858,-32.84693
event001046.png,4.099286,-7.230391,-8.227689
event001047.png,2.0647223,2.0017204,-2.7704022
event001048.png,1.4336885,-0.8553224,-0.1572681
event001049.png,1.8192478,-0.0526434,4.1003466
event001050.png,7.55015,-3.9412222,-5.862822
event001051.png,3.4094474,1.8344077,-0.3235536
event001052.png,1.6082144,-0.68118006,-2.4893665
event001053.png,2.7236001,0.15649721,-7.587404
event001054.png,0.6353152,-0.13203399,1.07757
event001055.png,3.4144084,-1.9344201,0.8666721
event001056.png,5.1152835,-0.46219942,-4.235769
event001057.png,2.247419,-4.0643954,-2.0976887
event001058.png,2.1444354,1.4533986,-2.7354736
event001059.png,2.6048493,0.21595769,0.25516286
event001060.png,4.931155,-7.3675385,-3.2601578
event001061.png,2.694348,-1.4034542,2.1105826
event001062.png,1.1350334,-0.42083898,1.492771
event001063.png,2.3073795,-0.4348777,-2.0617342
event001064.png,3.9018252,-3.3118174,-7.0271935
event001065.png,0.82195866,-0.1242193,2.8058434
event001066.png,2.21023,-0.48538646,5.3168263
event001067.png,3.715706,5.3972063,2.133588
event001068.png,1.5377469,-0.77100843,2.456047
event001069.png,2.8117025,-1.0304195,-3.5521946
event001070.png,3.1696534,-5.5173044,-3.2068696
event001071.png,3.8137982,-10.03243,1.9576616
event001072.png,3.4935367,-2.3533545,1.702131
event001073.png,2.256375,-0.52061564,-8.605303
event001074.png,0.7145403,-1.3571668,3.0483537
event001075.png,2.4431825,0.6441145,0.118357964
event001076.png,4.9084325,0.55356956,-11.2314825
event001077.png,6.738471,0.32401344,8.500097
event001078.png,2.639177,-2.100629,-21.754475
event001079.png,2.2279577,0.21741858,1.2298882
event001080.png,4.3564515,-5.4775095,0.27008763
event001081.png,2.541082,-7.559915,1.5979701
event001082.png,4.782727,-1.5528588,86.437904
event001083.png,3.0708482,-2.7568088,42.309654
event001084.png,0.52644277,0.2715874,-0.30783322
event001085.png,1.8907087,-2.9168065,-1.6024562
event001086.png,5.544997,-8.320661,-2.8131156
event001087.png,7.5186534,-7.2069106,-16.533113
event001088.png,1.4335328,-0.554967,3.0589383
event001089.png,2.5687978,0.057764612,7.350725
event001090.png,4.22234,2.097512,-3.761067
event001091.png,1.8504857,-5.6284866,3.0320058
event001092.png,4.70787,6.725744,7.148773
event001093.png,5.6773477,2.45604,0.9122493
event001094.png,5.386914,-7.10577,-20.078384
event001095.png,6.5871463,-2.2653177,-56.17508
event001096.png,2.3276348,-0.27579346,59.711597
event001097.png,6.005417,-14.050317,23.821638
event001098.png,3.280901,-4.8605447,-4.736595
event001099.png,2.1993475,-2.243008,7.039143
event001100.png,3.2080724,-1.895003,-37.22142
event001101.png,1.3766078,-0.57549757,0.8472094
event001102.png,3.8915207,-4.424389,-10.400464
event001103.png,4.7820697,-0.109611936,-8.706906
event001104.png,2.0776,-3.0536501,-14.120607
event001105.png,1.4828188,-1.1930989,-12.633149
event001106.png,0.852246,0.8017206,-1.3297223
event001107.png,1.82282,-2.6502564,-6.421297
event001108.png,1.3932298,-2.3063483,-0.08278277
event001109.png,0.6878657,-0.40685695,8.157136
event001110.png,3.5148041,-3.4376607,-0.79695076
event001111.png,5.7904544,-15.965478,20.690208
event001112.png,4.6357684,-4.8720064,-3.0724604
event001113.png,5.1037507,-1.8192707,-21.924335
event001114.png,1.0991418,0.29447842,-0.8262983
event001115.png,4.187243,-4.8046994,-3.3684618
event001116.png,0.9582128,-0.27945864,-0.6455815
event001117.png,2.3447244,0.11407213,-2.3323407
event001118.png,3.395837,-2.793324,-4.589464
event001119.png,0.6575632,-0.063726254,0.17183582
event001120.png,2.741397,-0.031339616,3.2990415
event001121.png,4.9140153,-8.549163,-3.138442
event001122.png,0.82906747,0.71004045,-0.5514391
event001123.png,1.3140538,-0.11947839,2.0703778
event001124.png,3.0529823,-1.9032519,44.953766
event001125.png,1.7145282,-2.2372007,7.207331
event001126.png,3.1482735,-4.1338105,13.018915
event001127.png,1.7208358,-1.7266973,2.241063
event001128.png,3.5710409,1.6584352,0.51094425
event001129.png,1.8894985,-3.4617352,-3.3976448
event001130.png,5.5879674,-3.117048,9.911204
event001131.png,2.8702984,-7.048365,12.025952
event001132.png,2.7078412,-1.6127586,-2.778569
event001133.png,1.7968625,-0.048825707,-1.4331661
event001134.png,1.9989284,-0.61888313,-1.2524455
event001135.png,3.7418509,-2.047525,0.22452629
event001136.png,5.1209474,0.8178321,-38.664825
event001137.png,1.7507176,-1.931634,-5.673541
event001138.png,1.1945192,-3.3550246,0.3511403
event001139.png,2.3903372,-2.0551872,1.3648249
event001140.png,3.847444,-9.687363,-4.224801
event001141.png,4.066058,-3.9797144,-2.1776948
event001142.png,5.3508167,0.0668267,-6.966467
event001143.png,1.6226443,0.6373841,-0.9413317
event001144.png,1.8290069,0.23560609,51.64157
event001145.png,4.9064784,0.109667055,9.79611
event001146.png,4.195637,-2.0597534,-5.935212
event001147.png,5.197241,-1.9442359,-4.721511
event001148.png,3.3485687,-2.6647825,-3.9414303
event001149.png,0.60776216,-0.7221025,-0.4160129
event001150.png,1.6567396,-1.1453007,-0.61594397
event001151.png,2.2834609,-0.9397864,-10.091247
event001152.png,2.945509,1.9079602,3.119808
event001153.png,1.5464146,0.2379235,0.64038545
event001154.png,4.341965,1.7026726,-23.489048
event001155.png,2.6336033,-3.5415497,-1.0062275
event001156.png,5.566541,-10.5288,-5.975011
event001157.png,2.2951305,-2.7829332,-0.026787467
event001158.png,0.93806416,-0.25575048,2.4360957
event001159.png,1.4592446,-0.5635144,1.9468448
event001160.png,2.9261415,0.089630075,6.4194913
event001161.png,1.6806346,0.007873237,-1.1564417
event001162.png,4.1068196,-4.41709,5.429275
event001163.png,2.0528538,1.1759092,-4.4306564
event001164.png,2.2035155,-1.9691143,-11.352541
event001165.png,3.7372382,-6.156248,-16.010244
event001166.png,4.9453497,-16.381107,31.005968
event001167.png,1.6039668,-1.9813765,21.706966
event001168.png,4.1544046,5.8780193,-17.990711
event001169.png,5.8496537,-11.676844,3.4625208
event001170.png,2.225859,-3.306534,36.8467
event001171.png,5.2114377,5.192444,2.8357465
event001172.png,3.7590494,-2.8590014,-1.2518357
event001173.png,2.3905094,-5.8508,8.517507
event001174.png,2.57923,0.9823128,2.408777
event001175.png,5.9656687,0.46096092,-6.889684
event001176.png,3.5866923,3.6353574,-4.5243535
event001177.png,4.0919805,-4.598413,0.34147972
event001178.png,5.785111,-0.17407858,-7.9560084
event001179.png,2.7305222,-1.1364812,-5.389597
event001180.png,3.6096282,-1.136752,-10.865581
event001181.png,2.2208126,-0.93530285,-6.229692
event001182.png,3.9371262,-8.448853,6.69371
event001183.png,1.4433848,0.25089607,0.41775325
event001184.png,1.0451256,-0.041680396,-0.5070345
event001185.png,3.9575543,-3.4791455,-3.544763
event001186.png,3.663651,0.15325229,6.9892583
event001187.png,4.5066586,-0.12519628,-13.760537
event001188.png,1.9185536,-0.31925085,-0.55596507
event001189.png,2.4247618,-1.3313092,2.0278604
event001190.png,1.0325912,0.5594233,-1.675161
event001191.png,0.69478,0.0439018,-0.5912075
event001192.png,2.0474524,1.6506051,-8.423767
event001193.png,3.4719207,-2.0488224,0.960842
event001194.png,3.286059,-4.96752,2.5079715
event001195.png,2.546848,-0.34144455,-5.264806
event001196.png,2.0507784,-4.6874833,-0.6594929
event001197.png,2.1684675,-0.9644143,0.047743432
event001198.png,1.6575239,0.11335237,-10.708848
event001199.png,4.2684093,1.8437362,-4.57131
event001200.png,4.8540096,-6.350734,-1.288789
event001201.png,2.94446,-4.803685,-0.656168
event001202.png,3.8913245,-4.1356163,-8.056274
event001203.png,1.9117786,-3.0415094,-1.0446485
event001204.png,2.8556836,0.21461949,-4.8256764
event001205.png,4.173446,-3.324101,-8.203364
event001206.png,2.9884205,-0.26846823,-6.221536
event001207.png,5.7178607,-0.73828906,-51.788643
event001208.png,4.035608,-8.441898,0.8770455
event001209.png,1.5294102,-1.3992755,6.786516
event001210.png,3.2142537,-0.6084896,4.300838
event001211.png,2.197373,-0.80491793,4.448385
event001212.png,2.5515907,-0.33751494,-0.9250663
event001213.png,0.6829828,-0.8118717,-0.55308497
event001214.png,3.5456479,2.4868069,3.2523518
event001215.png,1.7377032,-1.9543155,9.774551
event001216.png,1.9588097,0.451326,2.5713067
event001217.png,3.2086394,-3.6594899,-2.620351
event001218.png,0.6513541,-0.043670073,1.9565175
event001219.png,4.239072,0.9307659,-38.776604
event001220.png,2.23161,-1.5816514,-44.990868
event001221.png,1.1942829,-0.38498363,1.1844822
event001222.png,1.1902909,-2.152251,0.68895024
event001223.png,1.0264913,0.7589042,-2.9206998
event001224.png,6.238123,10.592021,4.132107
event001225.png,1.893884,2.124103,2.2465668
event001226.png,2.537476,2.816395,-3.6856682
event001227.png,6.3649135,0.9556588,-33.009468
event001228.png,4.9745436,-0.17197752,5.2138023
event001229.png,2.3247027,-1.9870324,-3.6899626
event001230.png,5.3067217,0.3837403,-5.3966255
event001231.png,3.1276112,-3.776362,14.440922
event001232.png,3.5158567,-1.7278894,0.34511596
event001233.png,6.4581914,-0.2997677,19.439512
event001234.png,2.808418,-2.262707,-0.14233628
event001235.png,4.834404,-14.404142,2.6718688
event001236.png,4.0379744,-1.1665773,0.34742144
event001237.png,3.8470144,-1.376182,5.6932383
event001238.png,3.5476935,1.4157131,-20.347586
event001239.png,2.6074424,-1.349436,-0.9459123
event001240.png,4.2541084,-0.95616317,-14.9470215
event001241.png,3.5773242,-1.2723637,-6.985428
event001242.png,1.3085961,-0.47586694,1.4157019
event001243.png,3.6932156,-5.6668806,9.810694
event001244.png,2.9586673,-0.47215888,-9.018836
event001245.png,1.3367072,-0.14807916,-5.3619494
event001246.png,4.1155066,-1.912718,11.474518
event001247.png,3.5493016,-3.0288796,0.1215479
event001248.png,6.424951,-5.0044994,-1.8627213
event001249.png,2.39508,2.2492678,51.210182
event001250.png,2.4930625,-3.4771097,-1.3240837
event001251.png,4.586626,-0.789917,32.387787
event001252.png,2.4511125,-0.22222131,-2.1849773
event001253.png,3.4979792,-1.9288292,-2.99728
event001254.png,4.275671,-1.8330053,-12.294955
event001255.png,2.6754284,-0.16421458,3.6257372
event001256.png,0.93434674,1.1648132,1.7828604
event001257.png,7.1394258,11.812392,12.570883
event001258.png,4.666807,1.4550316,-6.3475623
event001259.png,1.303887,-0.41306493,-14.771617
event001260.png,2.7760682,0.2804811,-10.394064
event001261.png,3.012852,0.02765308,8.9744835
event001262.png,3.5559237,0.9200404,0.57115793
event001263.png,5.6433406,-6.818199,0.46245977
event001264.png,7.152876,-0.22142768,-39.366974
event001265.png,1.5279417,-0.6147256,-5.034525
event001266.png,4.0725336,-3.9533515,7.365449
event001267.png,5.6282473,7.3556304,73.80168
event001268.png,6.87399,0.34587222,114.78792
event001269.png,3.3287158,-2.3113887,-0.91893834
event001270.png,1.9497831,-3.0216012,1.6572506
event001271.png,4.8914967,-1.4160653,0.56147754
event001272.png,4.69156,0.8028433,-6.5120206
event001273.png,1.7520236,0.28246033,-2.3215828
event001274.png,1.9393221,-2.7538695,0.44589093
event001275.png,7.0217624,-4.6775193,-6.2146354
event001276.png,1.4036155,-3.629391,4.972014
event001277.png,5.9091244,-8.825115,140.74352
event001278.png,1.9673765,-0.24789196,2.1476974
event001279.png,2.0000823,3.5873852,1.740803
event001280.png,3.060956,-4.1692815,-1.3839397
event001281.png,6.385319,5.4403806,4.1647596
event001282.png,4.361587,-4.3655696,19.310438
event001283.png,4.711639,-5.836522,1.3297399
event001284.png,3.8279536,4.4754434,0.3150674
event001285.png,4.659601,-1.6918076,-15.992021
event001286.png,1.732498,1.249112,-16.746347
event001287.png,0.88951933,-1.2876439,-0.64169
event001288.png,7.3691072,-9.730059,27.783587
event001289.png,6.5887947,-2.1225793,5.478958
event001290.png,1.2097391,1.6630616,-3.3187535
event001291.png,2.5376067,-3.5006344,-2.0750794
event001292.png,1.1042386,1.0770173,0.9477034
event001293.png,1.1649033,-0.05323707,-1.0738106
event001294.png,1.0191536,-0.709358,-3.155196
event001295.png,1.7036114,-0.8581781,-12.544265
event001296.png,5.7618785,-4.5895963,-9.250974
event001297.png,1.2356038,1.1414207,-0.7951722
event001298.png,5.787358,-16.157997,18.834084
event001299.png,2.832154,-1.0866418,-6.9326634
event001300.png,4.597647,-6.6933227,-48.631588
event001301.png,3.493371,-1.3233111,1.3592609
event001302.png,7.3963566,-8.097231,-117.544426
event001303.png,0.967599,-0.3312414,-0.4253243
event001304.png,3.8438547,-4.7249093,-0.5661643
event001305.png,6.358699,8.260948,7.2462416
event001306.png,2.83625,-1.9053831,13.010649
event001307.png,2.4892592,-2.4282138,18.525114
event001308.png,5.1517878,-6.1513214,-0.5574102
event001309.png,4.841945,-5.469009,-0.040488444
event001310.png,3.3516624,-1.3180437,-7.161115
event001311.png,5.189212,-4.4239297,-9.077776
event001312.png,5.51883,-4.371355,-2.4953804
event001313.png,1.9490037,-0.69679064,3.3974671
event001314.png,3.364554,-0.4823808,-27.506815
event001315.png,1.6336149,-0.52386034,1.920756
event001316.png,7.026362,-1.3564433,2.1044333
event001317.png,2.8026168,-0.27654585,11.120025
event001318.png,4.0304046,-0.7525818,-14.654307
event001319.png,0.7213232,-0.8456163,-0.35693243
event001320.png,3.8011334,-4.621461,4.9268994
event001321.png,5.390756,0.3684042,-1.6146249
event001322.png,5.4868593,-8.39442,-1.5362318
event001323.png,3.2944517,0.3682445,6.2933235
event001324.png,3.4560442,3.894599,3.7468178
event001325.png,6.0069213,6.645261,18.244127
event001326.png,1.312511,-0.2671854,-1.5915112
event001327.png,4.4794493,-0.18375632,-8.807705
event001328.png,7.538963,5.223914,-5.792032
event001329.png,1.5011561,-0.0015850025,-2.2409108
event001330.png,5.3754067,1.1834034,-3.0843651
event001331.png,1.5758779,-0.13888529,24.38635
event001332.png,1.1355754,0.017873682,0.23591003
event001333.png,3.2107182,3.4688466,1.58989
event001334.png,4.1879597,0.45678654,-7.5572104
event001335.png,3.5520833,-0.55961037,12.774077
event001336.png,3.1329536,-4.4610896,-0.32703552
event001337.png,5.432036,-0.30770993,-3.2963948
event001338.png,0.58796114,-0.18293342,-1.8444146
event001339.png,4.4278736,-3.5321627,-4.0219407
event001340.png,1.3297412,-0.96762335,-11.321935
event001341.png,4.4623675,-2.177486,0.22978067
event001342.png,4.3764553,-5.629616,6.922135
event001343.png,4.332316,-8.598437,-3.4812799
event001344.png,4.7459245,-0.606805,-19.835482
event001345.png,5.4484344,-4.746262,-0.31817412
event001346.png,4.1043043,-0.17987171,-1.7943456
event001347.png,4.9527097,-15.736355,44.276432
event001348.png,0.5098248,-0.6398762,-0.7414056
event001349.png,1.3380243,1.3671768,1.1326698
event001350.png,2.4867613,-0.09512376,-1.8056937
event001351.png,2.275637,2.0135052,1.5615782
event001352.png,1.405382,-0.73346,0.20866367
event001353.png,0.57455397,-0.33022186,0.33867317
event001354.png,3.311321,-0.15474944,-5.390117
event001355.png,0.6910739,0.7119454,7.419809
event001356.png,1.2976135,0.39849246,-0.3288327
event001357.png,1.7724098,-0.32593518,17.153877
event001358.png,2.5892649,0.39319178,-0.87255424
event001359.png,5.3877225,-0.33355182,-10.279537
event001360.png,1.2936996,0.4873942,-1.0864576
event001361.png,5.37612,2.1032891,-4.5643272
event001362.png,1.6649162,-0.5970231,0.48101416
event001363.png,3.7205932,-4.3353586,-7.168139
event001364.png,2.3578951,-0.039717417,5.512825
event001365.png,6.544921,-10.250879,5.276621
event001366.png,2.3152623,-3.743396,4.3171253
event001367.png,3.8659716,4.287956,2.0493243
event001368.png,4.1952453,-1.8120887,9.787484
event001369.png,2.2328439,-1.5691371,2.106813
event001370.png,3.671632,-1.0462866,3.7688959
event001371.png,4.2167954,-7.3508887,-3.3417473
event001372.png,1.3831769,-0.012703899,-1.3619943
event001373.png,3.0679913,-2.3687904,9.085267
event001374.png,1.1607137,-1.9328334,-0.93806607
event001375.png,2.2147818,-0.28484556,-2.6760657
event001376.png,3.22832,0.233935,-3.0116854
event001377.png,5.1858215,-5.701528,-2.0573406
event001378.png,5.72516,0.050642274,22.435486
event001379.png,4.3333783,-2.9845936,-0.09023925
event001380.png,2.3271475,-1.0285528,-1.9366809
event001381.png,2.2756073,-1.0414373,0.37707734
event001382.png,4.5400558,-6.360276,-4.367495
event001383.png,4.7139077,-0.5279503,2.911266
event001384.png,6.1468124,-3.875737,9.940717
event001385.png,5.223394,-5.653809,0.69509286
event001386.png,3.9867814,0.81457186,9.941154
event001387.png,5.154435,0.6671127,-12.550461
event001388.png,1.4111933,-0.7812864,-0.83735657
event001389.png,4.2386417,-1.2418206,-3.5946658
event001390.png,5.380594,-3.1811874,-9.697756
event001391.png,4.220083,-3.5917275,-8.78872
event001392.png,4.154802,-1.1173503,-8.427203
event001393.png,6.118077,-10.178315,20.01233
event001394.png,5.653968,-0.21381357,-5.9864345
event001395.png,0.53418684,0.038398214,0.012187041
event001396.png,3.075845,-2.2628093,9.584959
event001397.png,3.2352917,-2.9432795,14.431481
event001398.png,3.139278,0.21052381,6.123569
event001399.png,4.343324,-0.8779047,-2.337184
event001400.png,2.3899732,-1.7351791,-0.2743288
event001401.png,4.7290764,0.4006467,-8.064985
event001402.png,2.296873,-2.9747465,-1.4385753
event001403.png,3.907101,4.0769305,-1.7378682
event001404.png,7.4942756,2.104273,6.9057307
event001405.png,2.7106135,-3.351397,-2.5536196
event001406.png,5.4858813,-2.2214327,-21.000427
event001407.png,3.0264428,-1.8289949,40.42853
event001408.png,3.353295,-6.942694,-4.1916614
event001409.png,4.8628206,-14.662207,4.9546976
event001410.png,2.5712698,-4.104729,-4.011091
event001411.png,2.63222,-1.2724504,-3.1106331
event001412.png,2.5930712,-0.5546978,-6.4918337
event001413.png,3.4908526,0.04400363,0.13613133
event001414.png,0.7953816,-0.078989,1.9455664
event001415.png,4.556788,5.139116,-10.604316
event001416.png,2.4050987,-2.0429409,-1.3755013
event001417.png,0.82034755,-0.845213,0.08735508
event001418.png,5.2894015,-5.1452923,17.454216
event001419.png,4.154097,1.1655451,1.9088186
event001420.png,3.7026925,4.5898347,55.833004
event001421.png,3.1426263,-6.362934,1.3721856
event001422.png,2.364126,-1.8431919,-1.6186248
event001423.png,2.5238516,-0.004015369,-0.77277833
event001424.png,3.609827,-1.4039019,-5.72284
event001425.png,3.9858418,2.633095,-14.619737
event001426.png,2.7707107,-3.759717,-1.6135463
event001427.png,6.827354,11.733429,12.362348
event001428.png,2.7209952,-0.6907902,-11.333802
event001429.png,3.0231214,-1.6843864,-3.7627256
event001430.png,4.938555,-0.35782284,-9.148103
event001431.png,4.4831448,-1.1887674,-10.271931
event001432.png,3.7730787,-1.3938752,6.073992
event001433.png,2.1119988,-1.2495557,-26.259138
event001434.png,3.2317948,-1.0648078,4.050349
event001435.png,3.56815,0.2787396,-3.5560765
event001436.png,1.9568975,-1.0042557,-4.177434
event001437.png,4.7403336,-1.0200393,4.704048
event001438.png,4.018801,0.6670184,-8.1307535
event001439.png,4.560346,7.2692485,4.1356654
event001440.png,1.2852944,0.03318391,-1.7422493
event001441.png,2.9760883,-3.1439643,-0.85652417
event001442.png,4.706745,-2.507601,-1.6197499
event001443.png,6.755735,-3.283529,-2.665061
event001444.png,1.4878637,-0.4783188,-14.863195
event001445.png,3.3922546,-0.7052931,57.905426
event001446.png,6.480309,-6.7795477,0.98680174
event001447.png,4.452979,-0.7299902,10.356676
event001448.png,3.2378216,-2.2152216,2.717862
event001449.png,4.092361,-1.7396759,1.5129473
event001450.png,3.647601,-0.2007797,-7.436881
event001451.png,3.0450191,-0.26947662,21.111488
event001452.png,3.4073398,0.056551237,8.67146
event001453.png,4.0262876,4.322662,-5.2794247
event001454.png,3.2461104,-3.6304991,20.92273
event001455.png,3.6120408,-0.13595867,0.26279125
event001456.png,2.1008744,-3.6336343,-2.290855
event001457.png,4.4526095,-0.03588256,10.651892
event001458.png,2.6102018,0.26213595,4.4510627
event001459.png,2.091805,-6.499801,1.4293525
event001460.png,1.2715085,0.82692707,41.44287
event001461.png,0.49421003,-0.8884698,2.1480038
event001462.png,6.4649324,-5.056421,-9.141959
event001463.png,3.8125331,-0.7638269,7.0016613
event001464.png,6.5929494,-9.679386,34.077538
event001465.png,5.152043,-4.3356285,-7.096717
event001466.png,3.0148766,4.976354,-1.5165892
event001467.png,2.065913,1.7476537,-3.828042
event001468.png,3.8940547,-1.2740986,0.4520227
event001469.png,1.6624229,-0.37528375,-0.17719409
event001470.png,1.5521152,-2.3824313,6.149135
event001471.png,4.762519,5.552605,63.85135
event001472.png,1.3289955,0.17626971,-0.55829966
event001473.png,2.1114671,-1.0196335,0.5070087
event001474.png,3.9992573,-5.0902486,1.2372549
event001475.png,1.3122265,-0.9306139,-0.66715294
event001476.png,2.7742152,-1.4421488,-7.482831
event001477.png,6.7399964,4.4305673,-19.009752
event001478.png,6.107964,12.1623,2.9381897
event001479.png,1.2640903,-1.3743738,0.019101307
event001480.png,3.78611,0.6049461,5.6555743
event001481.png,3.7370014,-1.4863993,9.59644
event001482.png,7.604185,9.124657,-37.37996
event001483.png,5.69783,-3.7063103,-0.6867299
event001484.png,3.1562016,-4.4975953,-12.348241
event001485.png,6.4164486,-7.0541396,-0.5826587
event001486.png,5.1580334,-0.91350013,11.362904
event001487.png,3.9661853,-1.6234336,4.632758
event001488.png,4.1784573,4.6816998,3.0642729
event001489.png,4.6464224,-7.273982,-6.2680006
event001490.png,2.6296656,-0.5115641,5.016969
event001491.png,3.4689574,-3.0411658,5.138881
event001492.png,1.0200835,1.4905828,-4.6842012
event001493.png,3.8707607,-4.4379134,23.997334
event001494.png,1.7468971,3.0056596,-1.246278
event001495.png,3.0195758,-0.32191756,-5.8267865
event001496.png,3.5716486,-6.532781,-1.2412933
event001497.png,1.0844456,-0.303942,-2.3496885
event001498.png,4.385404,-0.023903633,-4.099669
event001499.png,0.86646694,-1.4814779,3.5639827
event001500.png,2.7683818,-2.3630273,9.561039
event001501.png,3.9081342,-6.695856,12.676227
event001502.png,0.66425914,0.766037,-2.9886253
event001503.png,3.6535459,4.8415976,-2.1336617
event001504.png,1.3995783,-2.4732506,3.45375
event001505.png,2.333857,-6.4544387,1.5059402
event001506.png,4.8565435,7.294666,-5.99264
event001507.png,0.749537,-0.10723437,1.6871918
event001508.png,1.9787219,-0.3302249,-5.4937654
event001509.png,3.0387666,2.8106873,-30.175707
event001510.png,3.7420845,-5.2468605,-0.25938365
event001511.png,4.780283,-8.701127,-5.0311675
event001512.png,2.144017,4.877868,2.506736
event001513.png,2.752567,-0.961742,-2.319654
event001514.png,3.2566426,-6.864418,1.9277695
event001515.png,4.0213056,-6.117365,-3.6228669
event001516.png,4.0131316,4.7430735,67.449265
event001517.png,3.0941036,-2.159458,-2.807571
event001518.png,7.2692924,-12.257991,-2.1325586
event001519.png,3.076589,1.5653564,1.7298338
event001520.png,3.0845819,5.445056,-0.17251775
event001521.png,5.7063107,-5.332176,64.819725
event001522.png,3.2988214,4.5547376,-1.2544025
event001523.png,0.6303987,-0.019510167,1.8319563
event001524.png,4.751513,-5.431716,3.78952
event001525.png,3.1263726,-0.24899444,8.080841
event001526.png,4.102724,-3.4040642,-3.2234132
event001527.png,6.550128,3.5855906,-40.427486
event001528.png,2.988121,5.782997,-1.5742158
event001529.png,0.84610736,-0.32876316,-1.0003238
event001530.png,4.4613047,-5.318595,-6.5206003
event001531.png,3.731219,-5.5148554,-18.543839
event001532.png,3.7966788,-3.0175836,6.043093
event001533.png,3.473666,5.1451,2.4130728
event001534.png,3.788909,-0.9185783,-7.1844244
event001535.png,4.892165,1.0695406,-13.723143
event001536.png,4.582523,4.25928,-0.48758116
event001537.png,4.3757124,6.3162274,2.4143133
event001538.png,5.7313085,2.268184,-1.1218598
event001539.png,2.3271616,-1.836859,-0.14995947
event001540.png,4.2563457,3.881348,1.9804965
event001541.png,4.839937,-6.969424,17.340647
event001542.png,3.0342057,-1.7382619,7.2079706
event001543.png,2.4629817,-2.2674508,-1.040428
event001544.png,5.9712896,-2.9320326,80.04351
event001545.png,1.921956,-0.37888962,-3.6029747
event001546.png,3.0168066,0.0027205963,8.203167
event001547.png,2.7656822,1.6165496,-2.1761992
event001548.png,4.6079683,0.028370583,-2.7363114
event001549.png,5.3675847,-16.700403,11.625509
event001550.png,3.9647124,-0.2174237,-1.4370841
event001551.png,4.822522,-2.3038328,8.089266
event001552.png,5.337792,0.022910422,-13.289799
event001553.png,3.6323793,-3.349138,5.0042715
event001554.png,2.2966511,-0.97826725,4.118965
event001555.png,4.8855853,-16.942465,34.237755
event001556.png,0.6819243,-1.0122358,0.73281986
event001557.png,2.8867836,2.9279199,-4.457094
event001558.png,3.9800756,-5.439062,-1.7700931
event001559.png,1.1701462,-1.3098896,6.719051
event001560.png,4.165742,-2.1825445,-1.8529904
event001561.png,2.6831229,-1.4179869,3.1393251
event001562.png,1.8330661,-0.21501416,3.5699728
event001563.png,2.5716858,2.5310357,0.75422484
event001564.png,3.2378607,3.9592447,1.364697
event001565.png,3.0320084,0.2156453,-2.3940003
event001566.png,1.6306442,-0.74201924,-3.93902
event001567.png,4.7783523,-2.7929015,8.252291
event001568.png,4.0879693,-4.0666685,22.15448
event001569.png,1.4661894,2.7374644,3.0654883
event001570.png,1.5939283,1.254552,-4.918045
event001571.png,5.233937,0.16974726,-3.2350838
event001572.png,2.5419695,4.167953,-1.4020473
event001573.png,1.6896787,1.8701878,-5.063929
event001574.png,2.4391513,-2.7429042,-0.7423381
event001575.png,0.98701066,-0.2628549,-0.96308905
event001576.png,3.9721546,0.49900156,0.8349866
event001577.png,2.3090076,-2.1303005,2.635067
event001578.png,3.8370497,-1.6822555,0.47665593
event001579.png,1.5929481,-0.8559445,-8.7851715
event001580.png,6.0128107,-3.0709226,0.77915394
event001581.png,3.987686,3.1545982,-5.422049
event001582.png,4.353926,-14.187126,18.082739
event001583.png,4.980739,-4.136105,13.548217
event001584.png,4.5287943,-1.0643083,6.100433
event001585.png,3.7518673,-1.6263152,5.6858797
event001586.png,3.0994916,-0.8715229,-6.295234
event001587.png,2.0026462,-3.6692803,53.00672
event001588.png,6.404024,1.293836,-31.937414
event001589.png,1.3570337,1.2518536,11.426392
event001590.png,2.4011915,-3.5883458,-0.97788805
event001591.png,0.9832701,-0.24402075,-0.6173737
event001592.png,3.9584713,-2.6982,-5.2974205
event001593.png,2.4973063,1.872289,1.9885217
event001594.png,2.780063,-11.714164,7.893402
event001595.png,1.8673189,-2.6184099,6.1448236
event001596.png,4.0984178,-4.1622624,-7.9682803
event001597.png,2.3453834,3.0115724,11.117031
event001598.png,1.368369,-0.41741067,-2.6162653
event001599.png,3.2583475,2.100875,-29.972094
event001600.png,2.0557606,-1.7683636,0.76187575
event001601.png,4.0204387,5.621373,-1.7641104
event001602.png,0.77460724,-0.14376795,3.1839116
event001603.png,5.7625175,-1.7481755,-55.540325
event001604.png,4.900949,-4.648525,21.431757
event001605.png,2.086234,-1.4877695,16.144897
event001606.png,1.433342,-2.4991963,-1.5236388
event001607.png,3.828098,-7.485745,-3.7783742
event001608.png,1.9636378,3.955773,-5.067899
event001609.png,3.5952306,1.9344122,-3.215437
event001610.png,7.7149434,1.0348059,-3.1827695
event001611.png,2.1713583,3.964302,1.6958712
event001612.png,3.8426616,-0.27388477,-10.228124
event001613.png,4.0871015,-0.30364823,-2.5478225
event001614.png,2.8353477,-4.9186735,2.253357
event001615.png,5.3901963,-2.278759,-1.4842707
event001616.png,2.2858531,-0.99236745,-0.7405719
event001617.png,2.7142847,3.773295,3.2294974
event001618.png,4.845631,-1.6117599,3.5806143
event001619.png,2.0189626,1.8822942,-3.3591297
event001620.png,5.0275073,-0.21368334,-0.8520872
event001621.png,2.609173,0.88051957,11.438882
event001622.png,4.5460486,-4.59908,22.257702
event001623.png,2.7033317,-3.5958207,-4.5369687
event001624.png,3.6402419,-0.22222547,0.2016716
event001625.png,1.2439444,-1.6248697,6.130747
event001626.png,1.233395,-1.0450749,-1.2383085
event001627.png,2.2622333,-4.1884813,-4.0236287
event001628.png,4.1499414,-2.177689,-0.03856682
event001629.png,1.9259273,2.110205,0.91824085
event001630.png,1.87245,-0.5276505,0.27589563
event001631.png,3.3306937,-3.977509,2.5594313
event001632.png,7.0455613,-1.0560658,-4.191699
event001633.png,4.0049343,4.9576974,49.918476
event001634.png,1.1267836,-0.9016246,0.27933884
event001635.png,4.2039547,-2.1363142,2.1037495
event001636.png,3.6044028,-2.7725005,-13.0952835
event001637.png,3.9054163,-2.44471,0.6431874
event001638.png,7.1293626,-9.8301115,-1.7566878
event001639.png,2.0091543,-1.3252409,10.413848
event001640.png,4.9350915,-6.2378855,1.4769223
event001641.png,2.6560845,-1.9276001,-1.2347654
event001642.png,3.154772,-3.00987,-7.9824653
event001643.png,3.134346,5.578961,-14.10993
event001644.png,4.372954,-0.534441,-8.362808
event001645.png,4.254854,-5.4631743,67.30483
event001646.png,1.4056611,2.4311705,-11.76771
event001647.png,4.7491198,-3.6541178,7.0085635
event001648.png,2.3622146,-2.5187836,-0.10634556
event001649.png,3.8749402,0.68150187,10.738312
event001650.png,3.4984117,0.0051261964,-1.0100311
event001651.png,2.8711984,-2.9796498,-0.40837094
event001652.png,2.1956306,-2.7425432,-6.638088
event001653.png,4.577425,-3.346106,-3.1738498
event001654.png,2.812804,-4.334524,8.437333
event001655.png,7.2885866,-8.4179735,-90.80984
event001656.png,2.4353168,-2.5083165,-0.6028234
event001657.png,2.1990602,-8.595672,5.744276
event001658.png,4.9934063,-1.5065402,-4.6149445
event001659.png,2.7862897,0.12378153,8.459033
event001660.png,5.3536663,-0.30413777,0.69249374
event001661.png,1.0712894,0.4169041,-1.6419307
event001662.png,0.9643871,-0.7022482,-0.2255615
event001663.png,0.78116065,-0.98752344,3.2049453
event001664.png,5.04726,-1.3331583,-23.204836
event001665.png,2.982591,0.21092384,-11.313593
event001666.png,2.4466,-1.6525632,0.14677459
event001667.png,3.204484,-2.0535777,-1.794222
event001668.png,2.7347822,-0.32312262,6.2082844
event001669.png,3.8522224,-3.5549593,-0.93042856
event001670.png,3.4581192,-0.4290688,0.4991145
event001671.png,4.7131467,-3.4909487,7.0737433
event001672.png,4.1906996,-1.6785291,30.686253
event001673.png,0.9930179,0.8236012,4.5283723
event001674.png,3.6364233,-0.241122,-0.4947138
event001675.png,3.9666243,-2.8035269,-3.68165
event001676.png,3.6834276,-5.8428483,2.41172
event001677.png,0.8987022,-0.48872197,-1.4220903
event001678.png,1.1831641,-0.30844903,-2.2679484
event001679.png,2.976965,1.439842,-3.641813
event001680.png,1.4421173,2.4389434,0.9862163
event001681.png,6.709754,2.5107388,26.220263
event001682.png,5.3477883,-7.7250133,-52.42281
event001683.png,2.663155,4.0009303,-2.883933
event001684.png,2.7004342,-1.0617591,-10.285743
event001685.png,2.395249,-5.906566,1.3329927
event001686.png,4.283401,-1.0580934,-7.2668424
event001687.png,0.59507215,-0.14750981,0.566066
event001688.png,1.0589826,0.8890296,0.383417
event001689.png,1.7641301,-0.031060359,3.8398588
event001690.png,2.3987882,-2.681674,1.7565017
event001691.png,2.2979841,-0.528146,-1.4021373
event001692.png,2.5280368,0.3727606,1.8186507
event001693.png,3.1809232,-1.4737707,28.096823
event001694.png,7.395974,-13.944572,-12.029885
event001695.png,4.9748797,-2.5132134,-1.3712856
event001696.png,1.8414618,2.9395084,-18.16746
event001697.png,3.642036,-1.9600539,-8.399043
event001698.png,3.5430655,-1.0527958,-0.46513006
event001699.png,3.6084492,-1.5503685,5.3830996
event001700.png,5.606275,-2.8029127,-9.035482
event001701.png,5.7886043,-14.408413,10.715945
event001702.png,3.8194394,7.7517986,8.549302
event001703.png,3.6186712,-3.6072216,-3.3128245
event001704.png,1.7715526,0.9529348,-18.26329
event001705.png,1.4617423,0.017088125,3.0338097
event001706.png,1.1839726,-0.12457621,4.1073966
event001707.png,4.0697308,-4.3255515,26.317366
event001708.png,2.3647838,-0.3628995,-3.9660733
event001709.png,2.0063899,0.6690387,-0.35001478
event001710.png,2.3083808,-3.0987577,0.4298316
event001711.png,3.8497221,-3.3618894,0.67956567
event001712.png,2.0885198,-0.37423894,-17.908
event001713.png,2.9960532,-0.31030047,-5.7371063
event001714.png,2.9450262,3.6838558,-2.8500922
event001715.png,1.7909716,0.61833256,-0.8981183
event001716.png,1.0722566,-0.8424922,3.762753
event001717.png,2.4846404,3.703719,3.8087716
event001718.png,2.1658409,-1.9112072,-16.844942
event001719.png,5.2851977,-1.4645498,9.209127
event001720.png,2.1501153,0.18710098,-3.4074233
event001721.png,4.044493,6.7831445,-17.596357
event001722.png,4.846867,-3.7378561,-2.6716702
event001723.png,2.900867,-0.97407264,-5.121658
event001724.png,6.3477626,-4.4097753,9.831489
event001725.png,4.168456,-4.4841213,-3.0340183
event001726.png,4.2783694,4.4614367,-2.9567797
event001727.png,3.1687672,-4.834765,8.365537
event001728.png,2.8638783,-1.553078,-3.4668708
event001729.png,3.0760908,-3.0324295,-2.0563383
event001730.png,2.9339824,-1.7096894,5.019181
event001731.png,0.666768,-0.3788952,-0.11607095
event001732.png,3.3446176,-1.5531067,-4.4617853
event001733.png,4.5958037,-5.6534753,-1.720944
event001734.png,2.4896996,-1.7543153,-8.458914
event001735.png,3.0933359,-0.54008764,-1.4175469
event001736.png,1.7326267,-2.7277024,-0.91315657
event001737.png,3.9860377,-0.41658032,5.374154
event001738.png,1.0810721,-2.0071037,0.84230137
event001739.png,6.373491,-1.3339666,-11.882325
event001740.png,3.1170125,4.0507793,1.709189
event001741.png,0.6451378,-1.2524679,-8.119756
event001742.png,2.1332586,-0.18402973,5.6993074
event001743.png,3.6370473,5.9720306,6.10223
event001744.png,4.0101614,7.6411023,2.0459535
event001745.png,2.3062603,-1.1164212,-4.1451044
event001746.png,4.2555895,0.11010194,-1.5397989
event001747.png,2.6739986,1.818186,-2.4777892
event001748.png,4.704763,-3.0124905,-16.442081
event001749.png,2.778182,4.413928,2.1587427
event001750.png,1.0440258,-0.1852754,1.4063138
event001751.png,2.704629,-0.263573,0.32625556
event001752.png,2.5395408,4.48324,-3.9373891
event001753.png,1.3160808,0.9477082,-7.1336484
event001754.png,2.1556108,-0.6918364,-3.5922961
event001755.png,1.740567,1.4660009,-1.7341336
event001756.png,5.2072616,10.214665,4.257343
event001757.png,5.324835,7.760724,7.934141
event001758.png,1.8597391,2.207552,18.828382
event001759.png,1.1463021,-1.6612413,3.1300657
event001760.png,1.0939174,-0.9260235,-0.54827535
event001761.png,1.5107553,-1.5578237,-0.14925209
event001762.png,3.7875526,-12.090617,2.5030186
event001763.png,2.2060306,1.8167185,-7.761844
event001764.png,1.6574212,-2.0754051,0.6703976
event001765.png,2.6243,-7.8603306,4.8868284
event001766.png,4.5308566,-2.4945548,-4.097092
event001767.png,3.8302712,-1.8132504,7.180174
event001768.png,0.6891565,-0.16108938,1.474372
event001769.png,2.4671583,-0.81995004,-0.6866188
event001770.png,3.2538135,3.8211105,-0.26954967
event001771.png,0.6886271,0.35527316,-3.6140394
event001772.png,4.035615,4.705129,4.720445
event001773.png,1.2772605,0.10475268,1.799761
event001774.png,6.057219,3.676476,-5.516389
event001775.png,3.2565687,-4.361568,-2.8487244
event001776.png,5.7709823,-6.7297673,-0.6279302
event001777.png,2.0516434,-0.203958,1.3327621
event001778.png,3.0462518,-5.844979,-1.8087411
event001779.png,3.9858143,-1.6677774,-4.79661
event001780.png,4.5943193,-2.0725076,-0.9473675
event001781.png,4.4259295,0.028210662,0.6127062
event001782.png,6.9834003,2.6212792,-13.346797
event001783.png,4.7676544,-0.45409307,-3.815171
event001784.png,2.1716948,0.23078054,-2.6363454
event001785.png,4.659867,-4.2906675,2.6919546
event001786.png,3.026816,-4.0186706,-3.5107098
event001787.png,4.2387366,-2.2844837,29.960703
event001788.png,4.925738,-1.2237464,9.16966
event001789.png,1.5178277,-0.0067125517,0.22365917
event001790.png,1.1494538,-0.30532387,-2.3873322
event001791.png,3.8993304,-0.14864649,0.87271124
event001792.png,0.83183557,-1.1502545,-0.37599236
event001793.png,3.5937302,-2.5198371,-0.4507018
event001794.png,4.114463,5.178122,-21.218416
event001795.png,3.185759,-2.0909457,-1.6205223
event001796.png,3.9811628,4.0706863,-3.0088832
event001797.png,3.7589676,-4.176471,0.2850641
event001798.png,3.7292328,-5.966372,-9.577238
event001799.png,2.0268447,-0.073458366,-2.8441591
event001800.png,4.208858,-17.08404,4.7756705
event001801.png,3.3137019,1.8857973,-2.939787
event001802.png,2.5834887,-0.992892,0.3170356
event001803.png,1.3896022,-1.6804518,1.7809842
event001804.png,1.300108,1.080153,-7.2924385
event001805.png,2.0388765,-2.708243,-1.5489699
event001806.png,2.7258012,-3.2368171,38.66548
event001807.png,2.611431,-4.9007387,-0.8922463
event001808.png,2.0063581,-0.8794682,20.933216
event001809.png,2.7169826,4.6423492,5.0511656
event001810.png,3.0959406,-2.9925501,-1.3853219
event001811.png,0.6738102,-1.8186021,-6.41764
event001812.png,1.0503485,-0.36748365,-1.1934986
event001813.png,5.0514097,-6.878525,14.7185
event001814.png,0.60165566,-0.93476456,-0.39986518
event001815.png,1.2013988,-0.5311517,-0.40916893
event001816.png,7.5205255,4.171499,170.88112
event001817.png,3.675392,-9.350213,1.9264904
event001818.png,2.0694947,2.1284442,0.119126044
event001819.png,2.4392302,-3.4546793,-1.792149
event001820.png,4.903976,-2.7371378,1.2581004
event001821.png,2.6340113,-1.1810516,-13.89384
event001822.png,1.7100128,-0.018833332,4.718723
event001823.png,4.9321475,3.8566592,20.371775
event001824.png,2.5512648,-2.6335926,-5.248487
event001825.png,3.665519,0.8900442,-7.2716007
event001826.png,4.5713573,5.314345,-0.7993924
event001827.png,2.7056997,0.0868205,9.580889
event001828.png,5.282629,-2.0787952,-8.1386175
event001829.png,4.3766193,2.6051414,-1.2534627
event001830.png,4.012989,-2.6416986,-0.1733264
event001831.png,4.7790194,0.20418969,-5.5956793
event001832.png,2.6126595,2.601648,-4.3747754
event001833.png,2.3685405,0.24336119,-1.6436342
event001834.png,0.5576427,-0.04417661,-3.798202
event001835.png,3.56771,-0.33424187,10.947428
event001836.png,3.9804857,-0.37304223,-10.307239
event001837.png,2.5655932,-0.11345414,1.7044147
event001838.png,1.563146,-3.3928695,1.3226864
event001839.png,3.0213406,6.187655,-3.4743145
event001840.png,0.70492643,-0.011669302,-8.040891
event001841.png,1.7632086,2.4187462,-2.5802722
event001842.png,3.6525724,-0.17597643,-4.9852376
event001843.png,3.9625921,6.0094814,-3.167152
event001844.png,2.6803226,0.2898749,-0.5982838
event001845.png,6.745715,-6.8670793,32.18174
event001846.png,1.1121914,-0.36096004,-6.3752036
event001847.png,6.4787297,-0.8042904,-8.854652
event001848.png,2.3884985,0.38458586,-0.532354
event001849.png,3.8174345,-11.335529,2.3153887
event001850.png,1.8220628,-0.10524617,4.0931377
event001851.png,4.3070717,-7.6742616,-4.264277
event001852.png,2.0551775,-1.5530804,-4.870453
event001853.png,1.0279411,-0.25097907,1.4506353
event001854.png,4.866124,-9.983256,-8.858626
event001855.png,2.7620375,-2.7505345,-0.19685364
event001856.png,2.0336452,0.025956098,-0.27724043
event001857.png,4.9621944,-0.83813435,-9.935274
event001858.png,3.751666,0.9092995,0.082772456
event001859.png,2.1723058,-2.5666177,20.616232
event001860.png,3.8203526,-4.7380953,-11.629486
event001861.png,4.8287687,5.21451,19.005993
event001862.png,5.774389,-2.193197,-13.6493635
event001863.png,3.2730105,-0.37573865,5.912566
event001864.png,3.2868714,-0.28735408,-9.811149
event001865.png,3.3960474,-7.109823,10.216237
event001866.png,2.0244842,-2.9912744,-1.1617289
event001867.png,6.5304265,-0.7925232,-15.640513
event001868.png,3.6708808,0.32730934,-2.6840336
event001869.png,5.823176,-21.848946,14.7967825
event001870.png,2.9434648,3.2325718,13.100486
event001871.png,0.81221455,0.09239069,-0.12837031
event001872.png,4.709316,-0.6941804,-5.909402
event001873.png,4.066558,-5.0696425,-1.7726932
event001874.png,3.7394001,-1.3531423,-11.440921
event001875.png,3.97992,-1.9691571,-1.1785876
event001876.png,4.453849,3.7373126,34.0495
event001877.png,2.3925617,1.137659,-7.2169886
event001878.png,3.3526173,-1.0972494,-6.5782814
event001879.png,1.95855,-0.92532724,10.295172
event001880.png,3.2324197,2.1753151,8.995901
event001881.png,2.7236772,-4.349268,3.781724
event001882.png,2.1757987,4.7257733,3.5980222
event001883.png,0.57788473,0.22946323,-0.3958842
event001884.png,6.913382,1.3018783,-6.5822034
event001885.png,2.9882643,-4.4696946,-0.6720856
event001886.png,1.9649183,-3.2842393,-1.6738161
event001887.png,2.5640218,-0.8940747,-0.8352624
event001888.png,1.5872959,-0.43853852,2.0359833
event001889.png,2.3774831,0.09641772,-3.4045162
event001890.png,5.3514714,-0.09060737,-2.7607205
event001891.png,5.092195,1.082122,-2.0241253
event001892.png,2.8503854,0.13552092,-1.5165217
event001893.png,5.0587373,0.09912959,-16.818039
event001894.png,1.143817,-0.1494276,1.361978
event001895.png,3.9838688,5.142306,2.6149313
event001896.png,2.186219,-5.291109,0.47890773
event001897.png,1.3688165,-0.496063,-5.5636134
event001898.png,3.1869757,-2.3232102,1.1595321
event001899.png,3.5068736,-0.85625,5.205951
event001900.png,4.943467,0.4996252,0.36909756
event001901.png,3.854876,-4.9074864,1.321248
event001902.png,6.2728553,-6.151553,35.415443
event001903.png,2.9937863,2.362625,-4.169998
event001904.png,2.627333,-1.5531553,-12.917368
event001905.png,1.5091481,-1.392714,-3.079212
event001906.png,1.3753469,-0.9006233,-0.34343776
event001907.png,3.8556676,-1.0610603,-10.83708
event001908.png,1.7497374,1.2877711,0.82582617
event001909.png,1.1473031,0.056271784,-1.3084242
event001910.png,4.318297,-1.6150627,7.593976
event001911.png,2.5814745,0.93216884,-0.05767273
event001912.png,6.8932753,-4.3819003,6.121304
event001913.png,2.5127242,-2.4844306,-2.3952413
event001914.png,1.7273984,0.73475903,7.5229826
event001915.png,4.0893755,-0.058836758,-5.7245274
event001916.png,1.1516997,-3.0293882,0.71207726
event001917.png,3.9355521,7.952615,2.7033043
event001918.png,2.224483,-3.576224,2.3988671
event001919.png,1.7955024,-0.3854325,-2.3422601
event001920.png,3.276631,1.4010684,-1.23579
event001921.png,4.9798245,-0.0009666695,-17.603674
event001922.png,3.174958,-1.9496293,-5.257133
event001923.png,5.4424677,-0.21999449,17.8132
event001924.png,0.88381535,-2.6200159,7.6071353
event001925.png,4.7681417,-12.898442,2.3841717
event001926.png,3.533113,-0.2171898,-2.8941958
event001927.png,4.036069,-4.891902,29.391962
event001928.png,1.8556937,-1.1733373,3.7296994
event001929.png,3.0357575,-3.789994,-36.06388
event001930.png,3.124591,0.08443795,29.983768
event001931.png,2.5042658,0.053899027,-1.4643008
event001932.png,5.569694,-3.485453,3.4294276
event001933.png,1.8120087,-5.5908933,1.3194472
event001934.png,2.741275,-0.11842222,5.867904
event001935.png,5.4341626,1.3894207,-11.84794
event001936.png,2.5339842,-1.2097073,3.3590395
event001937.png,2.7010117,-0.029277483,6.366764
event001938.png,1.1675596,0.03446012,1.4245358
event001939.png,3.255298,-6.6029906,-1.6775013
event001940.png,6.0156455,-5.9993687,6.3703294
event001941.png,3.6213899,-5.4381804,12.438186
event001942.png,1.2248791,1.9908216,-0.1399732
event001943.png,2.0849729,2.9428165,3.3868911
event001944.png,2.1057205,-0.416107,-0.07924389
event001945.png,3.7660675,7.378549,1.4526958
event001946.png,3.1038387,-3.6512246,-0.166349
event001947.png,2.0554614,-2.213688,-0.078351416
event001948.png,5.886157,2.2536566,23.312332
event001949.png,3.4863188,0.9458222,-15.539842
event001950.png,4.55231,0.38389257,-1.9678537
event001951.png,4.5331335,-1.9115595,16.517845
event001952.png,2.3047345,-3.6550221,23.370394
event001953.png,0.7050974,-1.5605302,-0.11618178
event001954.png,4.872365,-11.014264,-2.6345894
event001955.png,3.1429024,-2.6242676,-0.43752715
event001956.png,3.976947,0.08450263,-5.2170157
event001957.png,4.475332,-7.0964456,3.265019
event001958.png,4.2533317,5.9520636,6.668109
event001959.png,2.023543,-0.92313737,-2.3097184
event001960.png,2.8657033,-6.176959,0.89706415
event001961.png,7.018325,-4.620011,-8.377182
event001962.png,6.3123684,-0.5167596,-8.279384
event001963.png,2.3102422,-1.8052095,-2.1244671
event001964.png,6.1938124,-15.366757,24.1912
event001965.png,2.3533065,-0.18568707,3.5914056
event001966.png,2.658484,-0.005693679,0.06928319
event001967.png,2.6947324,-0.8425221,4.6050467
event001968.png,1.6338936,-2.9480357,-2.1198285
event001969.png,4.1920795,2.6381419,-10.624814
event001970.png,1.0554048,-0.09039867,1.7957603
event001971.png,4.200367,-2.4005196,-7.413912
event001972.png,0.8845431,-0.15286385,1.2133919
event001973.png,4.846647,-9.770714,-8.33768
event001974.png,2.9581292,-5.652125,5.0191846
event001975.png,2.2620962,-0.16519806,0.33876792
event001976.png,4.0840635,-0.49838084,-3.5720663
event001977.png,2.976423,3.8701804,1.7635038
event001978.png,3.988341,-8.916906,-3.6850433
event001979.png,3.169522,-2.8836408,-2.739555
event001980.png,4.694712,1.2411698,8.275358
event001981.png,2.6244628,-0.116258055,15.572353
event001982.png,7.159156,-18.730364,-6.103646
event001983.png,1.737933,-0.28877193,-1.5234094
event001984.png,3.2859728,0.5876308,4.9771433
event001985.png,1.387052,-0.46637103,-5.344144
event001986.png,4.5830674,-2.2822456,-0.99934906
event001987.png,2.6653297,0.15469116,-1.9472243
event001988.png,4.311729,-5.375081,1.2246511
event001989.png,2.6511931,1.363402,1.4582235
event001990.png,0.8654116,-0.35010037,5.8941073
event001991.png,3.527204,-4.7090616,-1.9939481
event001992.png,4.3093586,-1.8444692,40.74569
event001993.png,0.8312631,-0.140577,-0.27726737
event001994.png,2.116108,-2.4436438,-0.03976912
event001995.png,1.6289291,0.14865595,-0.70829105
event001996.png,4.874143,6.7198887,-2.9567459
event001997.png,0.91652566,0.57748693,0.23146856
event001998.png,4.7446184,-2.7854455,1.265489
event001999.png,4.8231316,5.2263618,-9.869766
