3.7760491,286.60452,-79.53573
0.25551268,203.76784,-824.3925
2.450529,-35.189953,25.657576
1.7488844,554.40314,-192.84956
3.8343863,-282.51035,-364.2803
5.650005,-543.1123,-164.10875
5.8114076,-180.46463,-231.97911
3.9454694,509.6464,-865.4461
3.1883545,309.85272,-831.5245
6.5354595,25.136808,-330.16788
2.3929641,-624.2064,376.74936
0.66168076,-560.7093,-279.86008
2.1731486,968.38885,168.47597
0.90585834,-452.62845,274.27563
3.0219343,-371.9142,-89.90779
3.3956363,82.75944,-39.380405
1.4483262,-433.6047,216.6407
3.7924502,-64.4455,268.80228
3.157001,-5.2766953,-413.49698
5.2466793,446.88748,55.102016
2.8137448,249.70285,468.65616
3.8681946,-589.2926,120.28346
4.1752024,390.10178,300.65305
3.2413182,-598.52997,186.39192
3.8718038,-313.73935,-4.3379774
2.6109655,10.371822,-426.1302
5.0497656,249.21011,357.83398
5.083244,76.298256,732.26117
0.9984956,-146.61748,-606.77216
3.5295806,-59.139565,-512.9107
2.9717066,-250.77429,-441.51724
2.7004447,-24.323792,-18.281595
4.524713,588.65063,699.30975
1.2161475,223.28925,-40.41298
0.7931458,273.1207,-98.03726
1.9811107,425.5735,-731.4326
3.2058954,-291.8541,-17.37369
1.3780471,215.94324,-755.1873
3.8647575,-390.41113,409.73865
4.958687,-780.668,396.35434
2.1726143,-271.2795,-27.941507
3.5668297,96.99817,-590.2813
4.2648163,-133.33156,-17.110228
3.216292,-56.137623,685.79266
5.703107,137.72308,-231.1816
5.833288,207.52344,121.91997
2.385278,-189.27432,-779.1171
3.990991,60.6972,-62.07423
7.179134,-302.619,453.08453
2.9258294,-9.341526,498.44693
4.5984435,371.41144,-513.51154
1.8769765,284.204,578.7764
5.986573,-178.45929,-172.0038
5.283035,711.00415,56.998238
3.8020349,-679.9312,-168.39345
1.2759122,-533.7058,113.693794
2.527529,717.18164,662.98236
1.524739,-569.4465,597.73663
2.6156492,369.97647,467.44888
4.618609,-160.78467,153.79076
1.6093334,742.20966,602.6586
2.0378685,615.63495,227.19162
5.1648083,-342.17737,163.57845
4.096229,82.28196,37.119877
3.9905105,200.26532,-362.52927
3.5401886,-485.55304,-693.3261
2.779816,-350.06815,500.79245
3.416084,-27.808922,-260.8721
1.4547366,-145.14186,815.9335
1.7466027,736.4111,570.42725
3.9972782,-160.25735,-288.271
2.813488,618.2431,364.32172
1.7375449,-251.44933,93.59148
0.8551073,-847.6722,274.1605
2.4807832,288.76227,229.0219
3.3065948,-850.7511,-34.223145
1.2201319,837.5516,-606.9682
4.2599616,-750.31647,-512.8701
1.7043091,362.48502,-310.35257
4.392573,-227.27286,106.43541
2.220808,-171.7461,542.5728
3.086115,178.26079,-361.51907
4.1316643,-197.21515,-563.6769
2.549203,380.60202,729.42303
0.75880754,-303.05954,104.546005
4.1452613,186.5357,75.72162
5.4435053,-375.0199,-923.0594
2.4601445,581.3808,-291.6077
3.6185308,9.733322,-308.29996
3.1147661,-202.0632,786.8397
5.1017036,-235.73755,-207.07735
2.2733433,-561.71277,10.130519
0.8119008,-2.196167,386.0107
3.9452085,-940.0898,95.81205
5.292816,-306.923,-186.61678
2.3639674,377.24698,-573.25433
7.766911,169.25003,-250.90988
4.120103,-312.6117,731.46893
3.7768517,-549.4016,-708.51447
5.414976,-578.69244,576.31055
3.321128,-308.1367,-771.8649
3.0230901,-378.42148,709.51855
1.7494204,757.3323,-103.64808
3.040896,-329.59613,-279.34567
1.1401083,855.99225,547.7236
4.637544,659.5107,138.97517
4.472225,-702.49493,-757.6764
3.9338336,144.56631,-39.854877
0.88990486,-583.3498,512.6198
4.3144283,97.53083,473.9987
3.395692,324.8669,50.8764
2.8583941,346.33798,264.10455
3.5635853,695.04926,825.3322
1.7943301,-124.073784,514.12805
1.3821647,-117.04088,538.84393
3.3046598,217.50053,-436.39517
3.7065816,-203.92868,-485.0455
4.971592,-455.9916,-147.06029
1.8648921,-667.35675,-678.9924
6.9035115,93.113594,924.03485
2.0972843,589.42395,-171.5378
0.9609956,-562.7307,110.68147
5.539096,364.2485,278.8589
1.362551,-169.27982,663.7715
1.7953207,395.98074,-875.41907
3.7289505,-283.97498,401.62582
2.4552155,-52.381565,401.77676
3.2626162,12.651772,848.44745
4.113763,-389.2076,-945.4437
4.9545994,-54.789898,-21.367323
2.8325844,-216.2331,651.3659
1.7715212,358.25803,713.29974
2.5145702,-3.3122702,274.5237
2.7001758,959.09796,769.08575
2.6462052,220.12851,-453.52267
2.8465874,450.40152,846.30804
2.768402,151.73022,38.224255
4.174081,-345.149,-803.9715
2.421308,559.40546,-265.11276
2.3838983,-507.29047,135.39452
6.86474,-833.9591,346.1292
0.7011445,370.6724,-738.935
1.9115739,989.05963,-289.07516
1.3326921,-695.73553,743.9227
1.2454664,-234.11938,840.52106
0.76588297,76.348335,-972.44904
4.193373,58.041958,-837.0704
4.4543357,-277.04996,339.87363
1.019999,173.92908,-291.80667
3.645728,-54.313213,-109.43704
3.911462,-128.3414,-710.99786
3.446701,-475.38116,-440.20636
3.927315,620.6662,120.0638
1.6293166,-185.2687,308.64365
5.2446046,891.5646,-957.5776
3.2314084,-513.1067,-713.1049
3.8572233,150.98698,348.03476
3.3466234,136.92212,349.2794
3.8583908,-170.71602,969.164
3.813414,-260.4532,-611.4809
3.9135983,496.8511,95.48425
4.795332,-840.9578,577.16986
3.420052,723.857,-600.2357
1.4068962,651.0274,-806.0157
3.810819,-377.18997,304.01764
4.1446424,-634.2976,384.69232
1.9401593,-981.6833,-215.77083
1.5006012,-30.775555,-484.77136
5.5987854,-393.703,288.02643
1.826541,97.25611,-913.8194
1.289327,645.5938,62.480946
3.4886744,-73.238884,-907.3909
3.9733853,-194.71513,138.1543
3.8910294,733.3315,-250.33154
5.1972265,-411.20596,606.4847
4.6314907,-638.3581,-749.71246
1.0139859,-783.2323,-65.36155
3.1949458,77.27508,302.5823
2.46769,-742.4562,-636.4089
5.4376945,516.12756,655.1922
3.3005056,-615.92816,-647.64105
2.6460936,800.4323,-227.60326
1.425813,767.5153,253.21721
1.7484937,521.7492,339.12442
1.4485314,636.45013,166.77841
4.115129,110.418144,148.54233
3.0973017,674.90894,-954.0965
0.95742804,793.7248,117.848816
0.3638601,-232.55603,121.35523
3.639928,57.904003,-43.409275
2.0047965,-77.25353,-875.57465
4.515266,-688.35376,-292.2783
4.175424,-270.98837,-6.4526205
1.0131742,-556.4155,-238.52365
1.0026187,-93.76781,790.663
4.176952,154.1378,104.147064
3.2366576,-18.306423,829.48584
1.3591866,834.1798,-148.80788
1.3592271,450.11215,84.27329
2.7885613,-138.1567,-608.94025
5.834396,-285.4125,-432.28482
2.132716,157.07527,-613.1722
4.822153,210.664,-466.95908
4.5134926,724.23065,166.4214
2.2111304,768.32495,-152.02803
5.0992417,57.157047,-919.6407
5.1795416,259.55185,-204.70705
4.2657795,376.34848,283.98007
4.0599856,-45.697952,360.44626
3.904037,-655.4655,104.56976
2.6059074,526.3668,890.5667
2.8685985,686.9122,563.21027
2.8781745,-907.9023,-110.369064
5.251252,842.537,-484.15244
3.3407502,-31.4929,-873.4933
3.5031943,-271.50882,403.3639
1.2917098,-537.23346,-814.629
1.8634754,112.618416,-420.42404
2.9834723,463.82504,-33.527836
2.8407817,-207.953,-355.23
4.5981274,224.29881,-546.4517
3.6949887,-15.034006,371.94705
4.464387,190.01372,-251.13905
4.6694274,-136.95644,-14.5262375
4.4166946,-757.09045,-148.027
1.6160896,20.142778,-71.051636
4.6535764,-113.58578,-807.6029
5.6974044,-99.26566,-657.7372
1.752762,-9.500942,718.6563
3.707024,998.6336,-788.6774
3.0018358,-908.0552,119.700455
4.844052,-317.19962,2.940116
3.5389268,55.997135,-41.744267
0.2116145,484.11636,44.25853
0.9155007,699.3291,-130.729
1.0399905,-368.7651,-144.03938
4.070533,-182.80002,-71.24353
4.0394297,618.4819,448.85016
1.3394728,-434.75412,-6.0771456
2.4490643,832.3375,-326.80045
3.2253315,-335.99484,15.445498
2.0581937,287.83652,-398.0934
2.1748943,-773.9514,-462.82974
4.854925,592.8834,-593.2663
5.2098002,390.94144,140.68025
3.918832,-294.34705,171.74094
0.38026473,-520.08136,-855.4231
0.6860796,-903.9935,-279.56784
4.715887,-527.61884,-445.56393
4.7836742,-46.949028,-241.04945
3.0185776,-647.58997,427.2881
2.5629804,-975.32513,-162.20868
2.5912783,92.35677,704.66754
2.1241767,310.41592,-711.33704
6.6386647,-697.1518,113.78077
5.4482126,262.62363,121.43968
2.589285,-285.64166,448.1257
2.1087296,748.3282,-18.559061
0.6594718,-445.10242,219.45912
4.935747,958.7993,660.12885
0.3928251,104.2407,-462.86813
1.9337733,640.0991,-380.27374
2.8763971,272.6995,-245.71358
3.6661282,377.7479,233.6255
2.6398008,794.9322,-693.6789
3.6076512,503.45328,228.67557
0.5556998,-367.2824,698.46295
5.0872436,605.63275,83.62622
2.0051243,166.29482,-665.7437
1.2463741,2.4265022,-529.2803
4.990055,-112.61582,426.00412
3.5971682,-289.06967,166.88783
1.1418613,-9.896557,-773.0258
3.5043488,-141.05771,407.66348
7.611255,602.97784,545.57306
4.801141,-533.0482,-266.28903
1.1689636,-411.9821,658.85297
4.5598087,520.52313,718.3493
6.836766,-888.9105,-931.23285
2.0212681,-646.6798,4.1836557
3.3096836,-184.30676,-137.65703
3.3835945,793.99115,-675.9675
4.5153594,136.012,231.02248
3.0499077,327.3147,115.48242
4.44685,314.0734,-156.50151
1.5546656,840.8643,73.38325
2.6199026,550.9364,956.426
3.4523215,-72.95672,221.33395
2.9365501,-499.24078,-306.79507
4.7666473,-299.86975,-501.8712
2.9671793,-135.51012,-688.36444
3.7453167,-194.58463,-221.36012
8.7067795,-600.4583,-597.86676
3.2451234,53.815388,-695.6898
3.9280295,191.70107,807.9251
3.4121683,-554.67786,214.67973
4.8550873,36.086617,424.01724
3.6995006,699.5589,-18.951162
2.693522,-153.29918,-734.11646
4.1913967,816.0002,322.8339
2.5369887,267.5312,-937.37616
1.3819044,364.8654,469.28223
8.025626,-97.26364,-12.6695795
3.2176485,715.9475,92.847885
3.624689,389.97098,249.92612
3.1959455,-361.3063,940.1776
5.656978,708.73663,-54.247047
2.878397,-69.688225,-290.9924
4.3241215,-301.41428,-201.84181
6.5895553,297.01376,-254.79431
-0.051237658,207.50385,-531.7805
2.6893678,857.5058,610.71173
4.825665,320.07974,-162.57594
2.2992933,-692.5171,108.42505
5.482107,-337.45193,-507.10165
0.7624555,298.8044,-172.34566
2.0235062,-755.328,-591.22766
6.948862,-53.922432,-926.2096
0.5100044,-882.11804,842.24713
3.2948904,-213.97794,-246.16798
0.689322,567.81903,-854.373
4.0493956,307.59763,345.34274
4.2279034,-451.12173,-518.1484
0.5293064,95.700836,495.7617
7.876473,-214.0325,508.57278
5.9356556,-417.92917,102.48027
0.7496263,676.02716,-259.5962
3.1204152,-149.51721,-265.87027
3.8460267,-268.74454,-499.19632
4.815044,101.29275,68.52153
1.4007484,20.768354,-70.97139
1.7157208,725.2413,542.1977
5.100787,514.9187,527.63336
2.388814,493.07748,-838.47174
2.916348,-600.7952,-244.92744
0.8059202,383.18478,-297.07977
1.3143526,91.09141,-598.008
3.768509,-321.20126,11.815402
2.7461147,-26.440502,-64.74629
2.436263,805.621,448.13843
1.5435756,536.147,786.63715
0.42736432,-340.9921,974.45135
1.005852,206.30508,716.51935
4.160353,-710.1091,-466.08472
2.895797,210.18501,736.72723
4.848959,-444.98013,402.24075
4.125577,-494.74594,415.692
2.9093938,-147.67078,-597.87067
4.5498834,-186.30292,-449.68454
7.590723,72.28701,423.76544
5.2861643,-479.3165,-658.6456
1.374282,-356.95737,-91.917145
3.0188138,327.04016,-197.58046
3.8889575,-626.80176,-162.25758
0.6624179,269.0899,-53.54359
3.2196925,-368.32233,150.46416
0.9379808,-567.8614,325.42374
1.3017284,-169.72842,-179.95483
5.799011,-225.77533,169.60748
2.3581362,752.1928,718.64044
2.3442955,902.3911,23.134125
1.7331984,-274.97177,-443.5204
3.846519,-455.51437,82.85091
2.8118277,-443.14325,188.76967
2.2865882,493.96762,292.32193
7.9703484,-250.15652,-79.612175
3.7521787,183.67065,-845.94867
2.709377,292.8913,-444.41415
3.446117,-35.469532,891.1217
2.11149,868.31116,-145.96811
3.797324,131.10507,230.78154
2.2739418,50.44044,-465.76413
3.7542858,44.974213,63.75445
2.0700283,340.90128,899.7719
4.111657,69.46642,78.410034
4.9538503,511.748,114.29634
3.6172493,-908.8029,472.69125
4.052622,225.66367,150.0959
3.4731975,398.1857,-675.22687
1.7543718,-626.26166,197.44572
4.3968983,391.35538,144.04341
5.224831,-250.262,-27.662569
1.8839326,-187.05501,228.04446
2.5296955,-176.00385,617.53546
2.1796784,-116.97915,33.95319
2.3102694,895.07587,655.9395
0.41021085,577.0094,202.40141
4.0766006,105.38291,-707.05853
1.1832402,495.11398,-86.48447
4.164677,-662.7968,-446.82675
6.095892,86.87794,-323.0219
5.1022997,192.64276,440.05847
4.22075,291.0075,401.2158
1.6013614,237.10019,-668.8216
3.3135006,-168.96062,392.6794
1.7649288,-187.8413,224.18575
1.3230292,-542.42975,833.2482
2.3963728,-148.02501,699.566
3.052926,-325.58023,-48.702488
3.7087295,-158.02313,91.99884
2.6270065,-308.7774,606.044
3.8576705,-400.10513,571.5734
7.1414986,-562.5689,-626.4742
5.914466,188.29362,-419.72662
1.852441,214.53372,235.94162
2.6807814,-685.0596,790.56537
3.860145,957.09265,409.4147
3.5461056,777.2522,-728.57135
1.8498334,-198.96753,362.10843
0.114167675,757.2849,7.2409
0.8000431,426.88754,459.0143
4.320806,-869.1193,-482.657
4.1946774,-970.6887,-477.27243
3.82029,29.87267,-286.85593
2.2948933,518.62494,177.10661
3.3074315,285.63828,-345.27756
1.1050948,415.6473,-161.29575
3.1855936,-9.889135,178.96657
4.1172247,-117.07924,-194.39323
5.7388844,-345.9669,-116.817856
3.9165192,-184.15085,-369.8785
2.838443,-125.67957,-127.67488
3.9209561,-187.85683,-633.82587
2.8447306,202.93375,412.51068
5.9733677,647.69025,289.6401
2.8887925,329.64304,916.6639
1.939358,-878.6773,962.6348
3.368127,-652.9994,-258.13205
5.355755,958.9488,-188.66853
4.2518663,309.3287,868.95435
4.0474644,311.2543,-935.14056
2.3571992,-228.25061,-271.2748
4.170477,-4.7621756,369.9363
2.0903673,122.64174,423.0286
2.554551,261.98395,651.6375
5.094227,-106.92783,-329.75446
3.7277758,4.0521145,534.015
3.9639552,-328.84863,786.5258
3.8710468,293.14133,-140.47118
4.178877,-86.68182,-96.239334
0.42624655,-466.6232,-920.41547
2.9511092,-87.23931,64.14752
1.4338961,527.95856,714.35724
3.6335998,483.81976,-15.035503
5.2304406,732.87683,895.138
5.1142025,509.56882,-224.52214
6.2438793,558.8575,139.68596
4.8038106,-452.79684,456.9846
0.77303433,-700.3359,-971.9351
3.560982,21.339842,322.65543
2.922793,-161.33353,-376.88385
1.84083,-290.3462,600.1967
4.1728463,27.999695,-260.5088
4.9703684,234.87964,-600.8232
2.6057339,31.408073,-597.5734
5.247284,-74.545555,-28.749044
2.3991394,704.38617,-405.5316
2.0489306,-23.729576,-668.5212
0.7324513,607.4047,-399.13733
1.0664288,602.1865,-550.73627
5.144867,-734.85535,482.21985
7.1386223,209.0615,298.87772
4.127718,-633.59875,325.36813
2.3432794,-457.43738,455.74564
1.4918554,929.61816,-62.682793
0.6288174,-72.348915,-122.00592
1.0911436,175.54579,-255.26773
5.1095133,101.394264,763.9544
2.8047256,-194.28194,34.09614
5.530096,-507.55365,-33.05604
1.1306258,95.25706,-73.22847
3.3891428,867.5209,-279.20493
0.6139111,-399.911,912.5472
1.7881452,-606.5904,102.711136
2.0875313,-357.52505,994.4609
3.2068198,403.83737,-43.103725
7.1046295,711.7851,977.5363
3.6126227,303.25558,175.08452
3.6523783,65.51275,-11.669228
4.597833,352.4911,905.7291
8.0984335,-552.23364,-61.768246
3.6791692,-80.44644,-205.34459
3.394548,-271.38577,-723.99744
4.606654,-600.24457,272.59167
1.8754249,422.5604,-503.66232
1.9572405,102.376656,-916.47284
0.8236886,95.94973,-858.0551
3.159178,-232.96878,-227.42686
3.4633012,-95.25149,215.5328
3.261127,-462.60608,-46.73869
3.596983,588.79315,33.14423
5.494969,519.72723,312.85147
1.3773383,788.9306,176.6491
1.5852917,-251.07903,-343.42612
6.094869,-140.37152,43.231937
5.6068783,492.0524,-223.21738
1.0250161,461.1832,319.074
5.0846615,-723.05524,560.23846
7.6569705,-834.0302,390.55173
3.505525,555.2608,109.974
2.404356,341.90878,444.8752
4.3582153,-803.9963,-143.886
0.8729781,-272.16226,321.79318
0.8824689,461.79324,148.09258
2.0943477,-162.25987,609.3036
1.8791858,567.48065,508.65204
6.169699,596.8339,719.054
2.7970572,-73.96578,457.81595
4.451613,316.0272,47.878544
0.73990315,462.40228,-56.937317
2.1874666,504.02335,60.774723
2.9673772,712.23016,471.2626
3.2692661,173.32355,620.81683
3.9518075,-752.60626,-568.7586
5.0128307,467.1406,-555.092
5.2616897,39.717793,-271.9376
2.3809915,-176.33058,725.5034
3.257458,-463.83182,220.93956
2.0816805,-557.07367,981.8935
2.762294,728.1691,-69.39423
2.0382657,-35.455914,234.03734
2.4287128,-521.5279,-268.06958
2.7226117,199.44894,174.84547
4.451689,-246.09068,189.4402
0.55571663,334.19016,5.173417
0.58448005,-800.52167,146.4645
2.9501653,-631.17975,-8.21215
4.297661,688.4555,96.35708
4.2651925,-244.21695,-13.235165
1.6860601,-404.7955,629.87714
1.8239743,373.4503,-276.17737
4.4492908,38.901794,-279.66147
5.5645266,-312.8447,704.9324
1.2870922,32.383648,-451.2536
0.7475336,-152.11504,231.52106
3.2404168,-620.1939,-429.64352
1.2876695,130.46712,-430.59128
1.016894,432.4828,-116.88968
5.9520907,450.3498,6.20592
4.0711555,124.758385,430.64328
2.5061586,346.40884,931.0726
2.5473857,-392.69156,200.9261
6.6424503,267.58502,-508.54977
1.0437909,188.9055,-324.42026
2.2834582,610.11127,567.9551
3.0948553,-175.51868,47.304188
0.5598977,-189.927,-388.00433
4.149104,-295.27365,-220.80336
5.716907,-804.72797,300.6322
3.944696,185.58801,713.95135
5.2032757,197.53311,126.68197
3.1694207,0.59077066,979.0511
5.022716,398.32455,300.90402
0.49607,-436.70544,66.4332
4.687717,-205.44958,-557.52203
3.5284462,-947.7921,416.97116
3.6527357,-247.52814,-229.83871
0.61938125,-150.36392,675.94855
4.1256766,-301.65262,285.86234
2.125434,-40.95979,-732.09076
5.388411,-295.90933,-43.766094
1.5060443,-715.4705,-230.77214
1.6028749,588.63806,750.81213
5.1282644,-454.28348,502.29105
1.9669216,-128.11676,794.20294
4.3663087,-446.4384,-152.73488
3.6939793,-721.8662,187.4776
0.7087565,-96.097374,-687.12555
3.9651513,-284.76028,-205.91167
3.8204613,679.60675,173.2974
4.1672316,522.2536,703.88446
4.464896,143.17891,-395.44452
6.399208,276.9714,-732.515
1.8634727,531.81384,-196.17767
4.1521873,-250.45456,-561.6163
0.9592761,276.09866,-485.74875
3.218576,109.20415,50.306828
6.0447893,-160.54523,-208.77191
2.47027,938.2378,-527.7569
3.925574,-944.4427,-243.00243
5.899244,-820.4475,-572.5832
5.2452674,-435.28098,249.91331
2.0921721,323.8911,-352.8509
3.970123,-238.31099,-134.99411
5.169386,-255.38025,70.88144
3.079554,-114.61437,-323.04855
3.7591293,-416.7684,-202.2426
0.8211545,-376.90195,-200.87306
3.6972785,-394.17892,113.931656
7.6758256,-821.68524,-890.8698
0.89202046,151.37064,524.07184
5.5939035,21.65532,590.9068
2.713293,483.01645,-415.50418
5.987447,874.82574,-715.90717
4.40543,-241.18887,-381.92947
1.7347361,268.40866,-341.68875
5.092396,-92.035034,399.80762
2.3905087,-838.98334,-524.4274
3.598318,-242.94946,-424.80673
3.8599567,25.075935,-780.242
2.6261308,-24.8653,-531.3111
3.4060636,248.07516,-28.372118
2.1988008,-137.88326,-246.99518
6.5915246,-454.10843,558.1374
4.1152287,-430.99088,-703.9001
7.3704634,23.023247,271.03442
4.8350863,-447.79135,447.22495
6.667035,-309.1011,-482.27505
4.7128344,-31.79908,294.4759
3.578827,586.2869,-733.726
3.0318952,-280.8863,-660.1965
4.9944,514.37335,66.336365
4.3079576,-20.054993,755.75757
2.3689904,-47.675674,509.2302
5.794459,-457.56747,227.84453
1.4062983,-872.1933,-65.28657
7.8489532,514.56433,-245.0312
5.207241,-18.650621,748.57275
3.0737808,-744.71356,7.375288
1.3216552,655.3995,-622.97614
3.4390638,-431.20566,519.3571
4.410903,-323.08365,414.6184
2.3247428,-136.93106,192.94434
3.9116383,827.56573,535.0267
0.9023434,762.65,-634.5884
4.488254,69.370384,-587.67896
3.4876373,-61.479446,-383.33322
2.713813,-435.1919,472.5648
4.0615125,-61.235096,379.97586
2.1766036,151.7565,738.3238
5.8853073,349.18433,-363.46225
3.2803564,85.0319,451.66678
4.548786,264.26505,50.174854
2.20071,-283.96588,-6.9317575
0.4437572,-22.054373,172.1161
2.5655086,-866.4712,745.2398
0.9917376,-110.894066,-408.71674
1.6096791,-179.35378,-248.57802
1.8998553,-149.94731,-209.00824
4.3387485,-246.48337,-492.6346
3.5766423,-611.6519,-563.4831
4.69831,2.7553802,354.83652
3.2160728,-32.135166,466.9232
2.5393457,-263.78738,181.14595
3.89646,-45.543423,-199.8527
0.6437992,197.57672,75.885994
2.2758055,-816.3822,-245.54706
3.089838,985.0238,-141.82915
1.3994153,-217.36722,-339.47525
4.5578666,-483.09225,-250.32877
0.85239804,-293.734,144.17842
4.840931,-811.807,-548.89105
5.6364994,-596.97406,747.9444
3.8639643,-456.10593,696.50507
4.917006,-376.2074,-212.32433
2.4397926,650.77856,276.4991
4.959841,-656.2179,-602.451
5.742052,-826.43195,439.4388
4.0311613,360.48596,-289.3865
4.556901,311.3025,372.8898
1.8419293,110.46478,695.3709
1.417782,372.46582,-520.9846
2.5680518,-139.89,-309.64157
5.0895185,31.879444,-177.3336
2.5428882,79.343254,302.64053
3.3995948,-412.60513,833.53326
2.5787034,-321.92007,506.5978
0.76628435,-642.45483,310.5198
1.7034937,67.7095,358.232
5.2947445,615.3083,486.2813
4.016892,-1.875637,988.1762
0.62576455,-219.62589,-54.781178
2.2729735,258.49423,-813.5396
4.3436427,-326.80182,-236.69572
1.4787763,-564.17773,-382.2856
6.8936524,-351.4437,-125.561356
2.4683747,-41.91108,477.14096
4.0180163,-121.4469,-324.17703
5.2355223,-108.95249,-217.33012
5.3635426,410.0143,730.70245
1.1029632,-484.96848,386.04733
1.1144685,-996.5351,-285.561
3.210958,13.818983,-122.82112
3.1386533,-197.83176,-687.74005
1.3023626,82.22201,-277.78635
4.2242904,-543.68945,436.19278
3.1154127,-114.19757,372.23776
4.0183663,-419.75397,94.36254
2.447771,-106.69277,601.1637
5.4634223,789.3134,-18.967428
4.5485444,733.61615,147.82176
3.2471163,708.13165,75.79045
3.4900799,-510.43594,774.05835
0.50591624,309.57816,408.57462
4.2671695,-766.6476,86.824455
3.6311266,138.86234,-600.0036
1.4905034,-394.28955,721.4808
4.036662,-177.71384,794.7299
3.9695697,616.1539,-943.39764
1.4488147,57.278484,-266.6826
5.4824257,317.7122,174.1392
3.2448583,-174.29126,421.01138
3.4884267,-713.02875,146.98846
2.939508,-11.635616,631.1182
2.114222,193.94434,-807.9178
1.9696444,79.84477,-120.920074
4.248033,-286.22717,12.9635105
4.1459,149.19931,199.06633
0.555038,-95.07105,-156.34029
1.9926536,-345.13892,751.2955
0.3492286,-403.84314,-535.3479
2.5945854,112.02744,165.60551
3.9067094,-488.5755,-400.7903
4.8524733,-438.80307,-456.2655
2.8703265,-301.71164,-306.20657
4.345434,-267.37463,-239.97441
6.1057415,-515.2393,550.0012
4.1134114,19.916668,-845.3102
1.4072818,1.2772875,-90.80812
6.5272384,-666.7641,156.12889
4.354744,418.84268,344.79843
6.645506,-126.369446,-289.50278
6.9567237,-187.52252,128.15036
1.2564021,455.58762,512.2807
3.692021,210.21577,623.1291
1.3424292,-250.1169,394.1625
4.0850124,147.84326,60.728962
1.7520176,-236.32224,-277.6905
3.553784,110.246185,-65.239716
5.7651453,934.86444,-916.1366
2.770077,-64.892334,-146.29094
4.2133293,322.69107,48.57719
3.6390884,5.4637146,-127.49666
1.9357392,737.8984,-504.31613
4.954526,653.16315,-312.8691
6.6034203,-174.43494,192.4757
7.290233,9.682656,161.14604
1.5901417,-416.3883,287.4189
5.7380714,378.0779,-510.94193
1.6144146,-153.84952,409.2185
6.148835,603.1567,792.8814
3.8470836,-282.73563,-257.49478
1.1230689,1006.5807,403.7837
6.3246927,726.8212,731.9013
7.3882484,30.284376,259.10043
2.5856967,260.45547,-43.12984
5.2085714,-76.09257,228.39116
3.648042,890.40765,-617.9816
2.2552853,32.609886,426.01877
3.9032168,-269.3303,16.111855
3.977343,-122.89266,-112.713394
3.7722406,154.43883,80.73024
2.2057166,149.42957,103.36305
2.1141803,-26.024662,88.67253
4.963576,436.37158,627.8377
1.5991763,-151.00357,-127.64434
3.2262812,-60.49316,719.9003
4.039311,-221.12057,-662.67975
0.7463641,-25.775208,460.2977
2.2013352,-577.6034,-272.31815
3.6816099,601.7281,-65.427025
0.6350648,-793.2719,122.88431
0.65853345,-165.24876,-46.633568
2.3518922,-506.4576,677.3652
4.744441,299.90317,-934.8367
3.7676277,-423.73242,-177.20247
1.8618898,351.7794,-677.1978
2.9790614,23.780907,-75.77867
0.2844942,-978.18744,603.27545
2.2099867,-467.36896,557.3864
1.4139591,-362.07974,304.13248
4.6842012,-160.31311,-273.17532
4.9076567,-506.712,-204.22292
0.59992874,-277.59836,-944.9988
4.3200946,-138.34877,74.11424
4.5765867,-624.8657,61.2178
3.7898293,359.46213,-318.06583
2.9691486,-358.21567,79.46294
4.1208944,-166.76062,-559.10736
5.3796053,-620.8062,-85.97617
5.3226566,330.98337,-52.955685
3.2914095,-92.011856,-114.15006
3.2941747,-395.21207,183.06331
1.6224623,-221.61118,600.7708
1.1540774,203.97676,63.78237
2.5323815,541.0672,-523.76105
5.156027,-628.9734,79.30336
2.2116528,-398.73828,-884.07825
2.609108,-13.44981,-723.1103
4.0842338,239.99625,45.1562
2.1031597,-410.1133,-378.616
6.0837817,-621.2609,457.76633
4.7058125,146.38173,-17.755287
2.206623,-399.15317,574.80023
2.832577,-774.976,101.40047
3.1386652,-918.45074,453.3342
2.4332352,-251.11142,-71.02308
5.3285537,-21.891819,997.93976
3.4418488,514.2216,-697.33167
2.1282759,67.28676,-476.37396
3.0405233,520.36285,-227.04243
5.1773996,-350.94373,524.764
4.5997,42.465023,194.76439
3.7530642,-581.0833,-415.4773
2.4625134,790.9891,-397.72336
1.4933205,149.55377,649.63116
3.8884783,-157.61086,222.23949
2.7407348,-219.16046,287.66214
3.960945,386.17563,536.4831
4.6141596,590.3443,829.3145
3.5835013,-676.55646,-239.61298
3.2912366,-161.57993,218.45566
5.3919787,756.8591,-522.86053
1.2283105,486.12164,-353.35672
3.9896834,-114.77703,-25.642801
1.0158013,-500.93967,-27.166687
6.360696,461.99155,283.30466
3.2981663,578.3083,-49.116787
2.3995812,-320.79996,-320.51895
5.3068113,-247.17238,-334.36578
0.74046063,560.4003,586.9544
1.5046133,-844.1857,230.40189
1.0355566,381.93466,-149.95935
1.0661932,-348.0841,341.49515
4.8829737,-191.54346,590.09955
2.7890167,-721.689,-632.1385
3.4177575,19.179245,996.2537
0.44860652,-133.6974,-364.55698
2.9372516,-273.97995,-789.45184
1.8512336,-276.5408,-108.45393
1.7225305,652.16473,248.47847
3.7259176,-539.05524,-434.82883
5.3338146,53.613224,403.7263
3.1453469,37.84892,454.96796
3.1200247,399.61423,417.56467
4.2340126,375.90637,-180.24672
3.1960883,87.2904,-289.7443
7.7884283,267.91855,-893.1739
0.3915423,-230.898,666.0867
3.9349551,-449.47562,672.4781
4.8434343,-136.87299,-68.785805
4.0847297,577.0962,-16.771164
1.9309078,-399.6879,73.39937
2.0812945,684.7592,503.52176
3.2985268,790.9027,-417.6301
-0.52247787,-884.0699,360.4666
4.61364,517.5653,125.98523
1.0701158,-226.08846,232.31532
3.5413322,-205.82422,-665.4444
1.1004018,9.76498,221.9423
4.7797556,388.17996,-441.55487
3.8781166,-606.69507,-67.466095
4.7947946,-162.0993,525.1244
4.202766,369.38342,-662.75934
1.2250767,376.56015,-399.90756
5.8548784,339.28415,94.93253
2.4736679,357.8067,238.27351
2.3494358,176.36447,-942.3775
3.8942447,870.1995,-778.3896
4.581648,206.95692,-366.78308
3.7771015,68.06011,-256.32596
2.045569,748.2021,-81.13651
5.6849613,-510.34543,-234.34996
1.9633769,928.7862,755.44586
1.3325016,-491.87442,-598.3891
5.4551735,178.42477,-198.79694
7.214284,540.9005,790.07404
2.4427736,-191.11217,-807.53253
3.4375763,562.32477,873.46796
6.261073,110.50252,-383.7335
3.9125075,853.2205,-8.132851
3.3495116,682.8537,-71.67716
5.8910527,778.1967,462.58304
7.2332873,919.1147,-50.676586
2.7708855,-449.30402,-936.4887
0.61035407,-147.8147,177.19481
0.7736332,154.53235,-425.1696
1.8666612,10.820489,-72.32915
2.8174365,514.6391,-587.25275
1.576048,807.5894,-558.13043
2.8170156,54.607708,-375.24118
4.096861,-275.75345,358.13925
2.4281,189.98216,-203.59468
2.9059613,107.42161,525.4909
3.5253139,181.73068,-68.86235
3.4030876,557.759,863.913
0.3381954,-490.96243,309.18674
3.0737767,-626.65216,136.99973
4.1490374,367.04733,-17.693539
3.414669,192.1025,-431.50565
1.3581676,-105.85245,-751.7022
2.1512299,836.33057,-666.51636
4.5358105,-175.80553,-436.82877
1.2751578,-592.11255,-709.80304
3.508028,-68.15656,-162.86037
5.1525335,-81.38494,134.60123
0.93521464,-71.56678,224.82307
5.186376,299.6495,94.66645
5.5004644,-524.4712,473.63464
3.7493582,-843.5422,411.31186
6.5868893,-49.91758,231.69698
2.3014393,438.7897,-479.7878
2.7656102,-62.872654,515.4693
3.2414782,225.17108,439.15033
3.384786,-852.5876,-452.0329
4.5905023,-66.82394,-460.56677
5.9121714,-287.8434,-41.276134
1.2815624,794.815,978.22406
2.4398785,-223.44553,328.0993
3.226808,616.9771,-619.1099
2.6854954,-62.841404,242.48894
0.4755753,336.34952,-349.35635
0.90475464,383.80984,241.47014
3.95077,900.4914,168.48122
1.1013045,276.27075,214.045
3.9609704,319.16446,-222.56487
5.9221315,-141.86874,-39.851334
4.696513,182.15424,-612.28094
1.2145997,821.27313,-662.57764
5.7748384,574.195,662.9936
1.5620877,136.54861,631.28156
3.3352568,133.30371,87.012596
2.973375,-296.32333,-455.3645
3.5570838,-497.03586,-529.1117
3.86686,-21.68131,-45.8337
2.4028044,343.16196,-282.42966
6.5767336,322.5444,289.86288
1.7670766,156.38936,410.35385
3.4416828,255.32849,790.63696
2.4296248,226.08801,-277.36697
2.6546583,-664.32733,-656.29663
2.959157,614.2267,420.5297
3.5913093,193.86543,-695.2506
2.657199,-412.58865,154.7354
3.2487104,268.37558,-218.16472
4.1660132,141.75089,98.49386
0.8461937,-245.31123,305.72424
0.9366785,-525.66504,-264.03174
1.2685478,419.8403,341.42416
0.76230377,-28.475513,85.46457
1.1420194,-597.22406,-407.34393
4.146114,-239.74287,254.99219
2.0337708,577.24225,452.38123
5.946746,-761.93085,-31.63297
4.0727825,-118.92841,-193.6166
3.9779239,204.93518,-701.8781
3.4799032,104.86793,309.47903
5.579172,451.77444,504.59406
3.4308333,65.749985,-291.57907
4.5886245,-144.12439,-446.14166
1.5620416,-135.82571,498.97528
4.648032,-349.07205,-476.69815
2.1848063,-75.93517,-957.31635
1.2965728,691.3232,517.11194
5.952937,-107.74299,786.4552
1.7420851,700.87665,932.1446
3.4296644,-99.38406,-159.72453
5.832783,187.63959,92.48224
2.5240932,254.37279,565.84454
4.1917305,-121.56129,-251.31218
2.8346019,222.15086,-606.4482
6.464002,71.448265,-801.2387
1.0053947,-407.98495,10.589156
0.7651328,429.09573,958.73126
3.3839374,19.305283,-349.80582
3.9509225,-506.3024,-754.5472
3.4678724,-219.14136,396.67923
3.8963487,-286.999,-56.061596
4.2009234,-272.04263,-235.41682
5.23237,435.60513,-316.19464
4.4861035,247.10587,154.17091
5.1017056,-548.5924,711.1845
2.3856397,-417.0533,-858.6222
4.336092,759.64526,-518.4338
0.020135267,-546.68854,100.94503
2.36964,269.0648,370.75815
3.1346078,-953.3283,121.815384
3.0097094,-294.61252,-349.20496
4.835718,-520.6417,563.3393
3.468989,-850.2294,34.46919
4.2228665,795.643,485.9571
5.4656935,672.42804,115.31723
3.7402644,-527.26434,-192.94867
2.2006683,237.19543,4.6237993
3.0576835,847.4638,-1025.7931
3.50345,-271.14908,216.97176
4.2707405,-777.28644,32.4215
2.196755,-122.74356,-669.46576
2.8133097,646.40704,-40.6722
3.318651,694.0473,-99.85226
4.137384,-795.7214,-153.97711
0.79584783,-128.68384,-530.00726
1.2578868,-632.9102,-123.74187
6.4883223,-202.29901,-224.57475
5.315362,-522.57404,-878.6645
4.612016,934.32605,-567.36414
6.11175,335.5685,-974.1147
5.6723566,381.21695,733.71564
5.728456,-225.91156,153.1074
4.8067994,-116.21488,81.974625
2.6436949,148.0974,-72.253296
5.038087,22.747063,286.345
2.684273,-70.69817,-764.7094
2.4198453,-443.9846,-432.89505
1.7768983,776.5808,-258.12497
3.5449681,-293.08917,195.52846
1.318895,-327.452,-570.05255
6.7875996,412.27826,-231.34895
0.25963184,-282.42233,-53.0779
2.6593368,156.95325,-971.98834
5.7372146,24.344133,407.7715
2.8541517,-682.76306,431.66147
4.158262,43.19485,-890.5668
3.6437776,215.4951,-442.03653
3.259326,-228.05966,765.24506
3.5401158,-144.94232,-226.58858
3.5152674,264.00833,568.40894
1.9852529,-19.907955,840.63574
3.4502041,141.73453,35.660145
4.7231197,732.6147,-460.00198
2.1350842,327.99814,908.9345
2.389661,493.48062,-342.4714
2.440805,-960.44415,-321.89276
2.4923878,378.9735,556.3008
4.50926,-209.05005,-33.63828
3.6298852,560.3219,218.17041
3.5895658,519.48724,677.9261
0.70546234,-436.0674,259.69238
3.2191267,11.151459,-509.00906
0.32495776,-455.19263,224.84894
5.071846,40.72897,-374.8098
4.5283456,277.5456,-328.23642
3.1386137,536.9435,-281.06683
3.2372162,-296.78928,225.46263
4.893808,959.6989,-311.9164
3.2324848,-747.0959,41.67022
5.58358,-450.1724,-477.97122
4.1189466,323.75827,470.5292
3.2809293,-497.08444,-402.42844
3.367627,-582.15955,-227.15547
1.159129,-777.0413,489.55142
3.1797152,-185.54855,138.50655
4.6653643,478.5287,-716.1053
2.8816712,-14.455179,196.9612
2.2574596,-623.1215,-89.28491
1.7331713,590.199,-316.4423
3.9454775,-462.94553,538.68225
2.265399,204.23265,-240.13365
1.3592049,-533.9398,144.60583
1.8490075,-61.36885,192.5644
7.940664,-850.5224,-317.69553
3.2486486,-777.57007,-468.76822
1.5781134,-146.07089,-181.01302
2.8261518,11.616161,-285.98532
0.85354143,-33.709164,-865.2509
3.7203674,-227.23828,-547.0291
5.1416597,-560.46893,184.88377
2.1781573,-556.5622,-49.451855
2.2083573,135.00554,-271.7874
2.1441362,-866.9262,136.58672
5.240837,-485.4044,-80.34731
2.270075,-79.26853,748.5994
0.8978511,-428.0802,983.0567
2.0586877,105.25072,-455.11417
4.225996,216.00473,217.09087
1.0476941,887.6248,-315.51114
2.6452503,100.16573,939.7491
4.0063386,408.05933,37.83267
1.4898814,-780.0461,785.5894
2.8664165,-485.9905,249.00664
3.253582,-512.7649,-186.73961
3.5167825,211.71016,-639.49347
3.5025043,92.77997,31.040247
2.1009734,647.82855,326.91873
0.4026017,-315.43607,665.9207
2.0571928,-756.94867,-439.64233
4.7182674,30.710423,-341.5887
6.5882187,-78.033,215.09068
2.6354775,693.3461,-445.27124
2.6955802,-126.64768,9.344467
4.5089417,-347.83176,-438.9501
2.3738651,326.29764,680.21124
4.6862245,-186.89354,991.1671
2.5353556,818.36456,612.63464
1.0207407,167.70743,-197.53291
2.40692,-285.12866,-250.18648
5.7547398,-379.1036,-243.76949
8.029438,-614.02924,-344.1007
1.9433786,74.99341,817.07434
2.6959052,-272.31442,-906.72687
4.0395136,174.31958,-149.90309
1.9656066,386.11508,557.8255
4.7688184,392.40353,-144.60664
5.1458235,319.69693,94.58182
5.5880995,357.30856,-510.81796
7.366153,526.3435,-433.18915
1.9949846,-739.5107,660.8395
5.4716463,349.9473,854.0708
3.671715,-294.47208,-176.86177
2.1663723,-177.821,679.08856
2.6294842,-689.2877,852.13885
1.0131932,-318.2154,-647.9316
3.5548859,-416.31433,310.3989
4.9550476,-107.67219,-71.23642
1.8768774,520.1734,-537.3627
1.1531278,673.24493,-450.04315
0.9104017,633.1749,-121.27517
1.8577429,-433.10135,415.82968
1.6569806,-504.61484,36.366997
0.6585389,-177.89832,777.63416
3.6244724,-735.0731,47.084656
5.286039,551.3797,720.37964
4.613391,-433.30484,-366.27145
5.316305,-78.252556,-325.35257
0.9388757,145.52919,-143.21213
4.551017,-357.79562,-135.1939
0.40755,253.03877,82.89024
2.7910252,120.27941,425.26846
3.8610098,225.76782,125.95561
0.5925816,-926.63104,26.786444
2.5362883,696.11285,270.2241
4.979573,-321.95157,-262.60434
0.9781063,221.87834,-196.42522
1.7984716,-113.18061,-881.8591
2.3475657,-666.50604,714.1497
1.600883,395.04105,409.84296
2.9209442,-205.24275,654.842
1.109254,-786.5695,-181.27225
3.3978302,-898.7181,170.00475
1.7581264,-594.28314,-91.70938
5.7702227,283.32755,427.334
2.6442668,451.36465,445.15265
2.9008071,212.21872,37.96221
1.5939732,-127.01626,256.4604
1.8521255,-122.51548,402.81985
3.8115664,58.83218,-6.9813395
5.1518135,527.62756,-391.41177
1.7097608,635.12445,-556.2491
0.51261735,389.31943,750.4282
2.4494402,18.905392,-687.32416
3.7717752,-327.91016,488.1283
3.9676232,-421.94217,-384.81094
5.2068987,47.226845,-116.74004
0.94472694,-930.3606,334.56436
1.5206628,-722.13184,617.4412
4.8051376,-75.75962,92.97436
4.226578,38.206654,-532.83484
5.256708,-146.99112,-525.93524
3.7356472,190.74448,75.5188
0.88329864,-214.06361,424.8036
1.7628261,-368.94556,-20.868454
2.500575,-85.383965,-291.77823
2.7809174,603.7559,180.29007
1.6198899,-140.06183,20.061846
4.754716,402.306,-381.05606
2.9528465,-395.622,-264.4483
5.2701373,-457.97437,583.96844
2.352898,-327.52646,-509.32693
0.60113174,331.43784,-914.44904
1.8244203,6.7583237,724.99506
3.217966,-76.64299,180.5045
1.4780822,-218.96759,228.44646
3.7657964,-545.6709,552.7245
2.3347638,249.22342,-346.91116
2.2217882,-443.47128,921.80646
3.7629042,-423.57224,447.3284
4.9932895,543.9517,532.18134
0.86244476,-325.5348,839.32245
4.238434,438.04315,-284.36066
5.6979113,163.94475,-777.5372
2.2055173,662.72284,665.2431
5.2704306,354.0552,44.13254
4.0431223,153.46103,34.340706
2.0761313,307.69498,823.36163
2.421063,602.7845,214.00658
5.5736,88.40811,-135.79811
3.9012706,220.87411,-230.39664
4.1329317,-261.59952,-488.89294
5.500712,32.46779,-103.90076
2.7130797,-126.99201,-389.11758
3.3839707,-21.68136,-426.51254
2.0843086,-113.049934,-232.96405
3.815393,-263.74936,587.15686
1.2560484,-168.28172,157.83076
0.97507894,-8.311081,409.33133
3.9274542,-517.37177,-370.06436
3.810351,-80.70574,144.1153
4.673373,-2.048914,-283.7902
2.3429635,-18.597513,-34.673553
2.3928483,-28.61208,-765.47595
0.8074009,-617.69525,-842.82526
0.11284469,-558.4709,238.75975
2.1045876,334.55118,-338.30875
3.164183,-135.55273,575.5838
2.7097936,148.28549,-807.58185
2.449939,6.9752426,-369.92178
1.9883829,246.35764,-563.8039
2.1534007,-388.16724,-632.77783
1.2946283,-699.04095,-933.43097
4.4745073,118.125496,-211.04388
5.1232214,-291.01358,-322.63547
3.1232142,-499.7366,-13.352669
3.9952166,-625.42114,-309.02438
2.1965892,-358.4678,-275.32547
3.0587056,28.095745,-213.9879
4.3425436,-221.05933,-144.43028
3.3427162,167.00475,427.44638
5.7151556,661.8104,-343.41867
3.695201,335.16302,-708.1741
1.3423932,327.4343,362.44742
3.037044,-954.856,-177.93372
2.2437277,856.009,-485.87793
2.7149904,222.64731,-13.164479
0.67093873,-288.66672,-149.79402
3.532444,559.62836,167.32964
1.5984417,389.60733,308.06293
2.4562793,-129.93993,54.304504
3.5337238,-514.8453,-320.27255
0.75446266,-154.8543,-884.9161
4.153904,-559.7686,445.795
2.47253,609.8294,965.4739
1.6135975,3.2014618,655.1252
0.95308524,268.908,697.25653
0.5631883,300.41638,-322.4752
6.235533,512.90326,91.63954
1.7308764,327.52493,-84.67297
2.80376,291.49252,-281.704
5.216012,-624.2681,-1020.6349
4.8422375,-150.85681,-746.866
2.1736794,-253.96045,-121.53641
5.173708,31.050402,434.3328
3.054532,405.0397,342.1263
3.2137203,-80.28825,591.8254
7.7145405,927.3935,-200.63393
2.6104212,-154.00803,506.83206
4.3913884,361.6918,673.74347
3.8570929,-374.83716,118.44847
3.7089598,18.334932,144.74382
3.8027458,-589.55884,-862.67755
2.7810917,-171.95174,-497.52176
4.6611023,-42.71195,-244.34511
3.678045,31.016726,-487.79126
1.4506338,-61.444965,-768.0573
3.529872,392.34253,-757.29156
3.2869673,-18.851086,-258.59637
1.1071348,-26.405027,-307.86426
3.9490955,725.582,384.2636
3.5228922,-330.23492,-559.5474
5.580987,-689.7685,84.85347
1.9750708,-718.8646,526.1747
2.5803928,-723.95514,-39.02297
4.537237,-1.7812538,984.2246
2.5802188,-92.88212,305.67993
3.519326,-223.675,282.76248
4.569897,-110.54043,-227.29024
2.2191782,963.7204,-323.02914
0.7863837,393.76535,-86.22434
6.884469,462.61295,-109.72722
4.3159294,198.9179,-381.0341
0.53442454,608.8686,-380.35858
2.833396,-518.8879,-876.57306
3.1839604,-248.72987,-889.5633
3.719206,-178.67715,64.06943
5.6798053,-286.50662,-403.13058
6.4359183,-524.55664,446.18625
1.25397,-49.65482,-404.93942
3.7738419,-779.4294,-209.8459
5.1651506,-704.3917,-736.15076
7.8011928,-895.4823,581.119
3.6080391,-180.96962,-452.59897
2.2457995,109.538536,-687.3996
4.84769,-892.8054,14.032856
4.2014227,69.97255,-194.53123
1.6091723,71.954384,-196.37631
1.8187522,143.03969,-586.54504
7.1387377,-162.0497,437.611
1.0671694,494.91467,466.13632
5.90236,718.0059,684.4787
2.2334313,-116.407745,-744.39276
1.4322256,560.6536,50.929077
3.4723802,-400.33398,-225.60402
5.965304,645.5124,158.70824
4.396147,330.93777,277.1061
4.8554306,-332.9623,-397.67834
4.187194,285.61404,-176.83347
4.401353,308.32056,-418.1044
1.6547648,510.71213,-339.6346
0.88725525,-363.54883,-203.81808
6.346753,-541.7356,642.6329
6.4047575,3.6665668,634.3737
1.2532375,563.3458,-235.95401
2.3414774,-675.6147,-146.28798
0.44750413,566.1635,141.4482
1.1949543,933.95764,119.556526
0.64902544,793.1871,-455.8265
1.1012925,664.5024,-409.3543
5.5400534,194.61761,206.0076
1.1036513,234.74413,-186.84708
5.3319826,548.5268,721.0092
2.9068608,204.47287,315.4142
4.4322343,-540.19635,849.96674
3.7772577,-208.3341,-560.3173
7.608571,-635.70374,920.3782
0.55915976,159.34882,-481.02872
4.048061,-462.24448,-35.985683
6.062899,345.7524,-116.40433
3.1079128,206.60867,923.7547
2.6254823,586.5352,-686.9071
5.332136,-188.94533,504.00003
4.8770876,-309.6367,-515.7348
3.5763521,144.46463,278.57108
5.194243,-434.49673,275.60718
5.673179,-396.60672,-41.37739
2.3674817,-0.31708547,49.853886
2.993878,-804.28986,972.77527
1.6549598,-73.69918,-668.8219
6.633311,-19.345959,-0.45591184
2.63838,736.40485,327.9941
4.398202,-28.978659,-264.8174
0.48558596,-377.51898,-200.19243
3.3744562,195.30925,666.33093
5.859437,-147.0628,-16.393202
5.704295,-346.52487,-309.19644
3.583174,-96.406364,73.33695
3.5723019,327.30072,-66.918976
6.38272,-735.3907,-807.6059
1.0874869,199.39395,-426.99234
4.5906324,147.1556,443.59348
7.464571,-647.58795,187.62544
1.2656773,-155.362,-72.29536
4.6748023,-951.2374,319.23428
0.954865,-900.1689,628.4152
0.6403978,-65.66799,240.32596
3.4058278,419.77835,98.73817
4.4018507,-670.48224,-456.7232
3.5350852,862.10004,-288.2933
3.309688,-356.38272,-322.95312
5.59935,12.044415,268.0648
0.5091639,-81.15156,-264.31003
4.9062862,-306.62695,-51.889935
0.66094565,521.41376,-450.14822
4.2716155,-352.897,35.05238
4.3390446,206.92009,600.2369
4.13408,-414.14313,571.5734
4.067986,-485.03476,348.40643
5.6903734,-482.36636,116.42566
3.8181148,938.4277,-17.589893
5.0058103,567.6943,595.8091
0.6129512,-254.72841,-227.7798
0.7856149,590.2581,143.20975
1.7728324,987.41376,26.874014
2.049034,509.14517,144.32442
1.5826324,-390.04907,27.640284
1.0660731,83.327866,8.7986555
3.3068278,-671.4934,-435.86792
0.16500239,-593.09064,-708.95264
0.6890557,285.80283,46.468475
1.4047121,-72.04011,995.84015
2.6052449,-206.25955,177.76573
5.351473,-1.3264389,-214.09837
0.9271438,194.5242,-109.812614
5.2473664,143.35838,-176.16478
1.5979646,-373.27158,88.65302
4.0487804,-249.5317,-172.41545
2.2364583,973.46405,-686.82623
6.7824707,112.27045,-704.3675
2.568709,483.86716,-723.18616
4.128202,414.50705,88.41351
4.151437,85.264885,761.803
2.6225421,101.320564,99.73526
3.463296,-94.720634,-756.19366
4.641415,-344.41733,-219.55205
1.29943,11.095957,311.12894
3.4138577,166.5406,822.53925
1.1293216,-262.23727,428.40427
2.1792603,21.496067,-79.442955
3.29332,-485.52872,-834.58905
5.2001586,-413.48663,-176.09077
6.1563206,-216.56935,-880.68805
4.3611403,134.50662,146.2834
2.5647845,236.81686,333.85037
2.2654228,-359.21255,43.68553
4.619412,-288.1868,317.56424
4.858419,572.7846,246.4211
4.8815985,53.968685,47.347843
4.9225354,-254.2619,-413.5938
3.876811,828.58344,-206.7212
5.2444296,780.31146,-273.02985
1.1562694,-164.18536,-442.27487
4.3573046,254.06352,75.49765
5.4113207,-626.2601,-374.27808
4.430527,226.91864,238.30467
4.124034,37.23953,-449.91202
5.317505,470.57593,377.48593
5.571408,940.7358,77.868744
0.65666753,-199.82202,190.9115
3.336929,375.3477,222.42784
3.407333,357.05835,243.11218
3.3444784,-94.624,162.38887
4.284975,156.56033,486.44333
2.417522,-369.8091,-576.05035
4.9772625,-672.6639,-455.63818
2.7440953,-453.56122,-296.522
3.7566433,-677.14014,209.61494
7.655239,548.431,195.39702
2.6264765,-268.6053,331.74857
5.563427,-78.01313,-251.85728
3.0882955,-191.56398,911.1048
3.0223086,-332.78998,432.85696
4.215254,351.61252,578.87726
2.724681,-372.34067,348.21872
2.696878,208.33386,466.19864
2.4170678,-13.179588,-385.80222
3.3837337,-268.66626,161.15121
0.34579816,-39.952477,183.59398
4.54927,316.42157,-290.89847
2.0652452,-167.29187,462.9266
0.61141026,-325.68906,-534.21857
5.1635256,302.3088,442.41013
4.175331,-162.5874,69.4303
3.4785845,-762.19574,-613.5268
2.9828424,177.88437,-606.8142
2.2170124,-248.53427,293.17892
2.5779407,239.84854,-6.4240265
3.453392,-188.86642,-113.86658
3.9336376,-573.2246,240.14684
3.127653,-289.95486,-307.59695
6.3903513,446.73285,-55.75294
2.5531378,630.02826,334.36572
3.400072,227.69507,74.74047
5.1536117,180.46762,399.90628
4.499939,139.1882,298.76462
3.418364,72.690155,679.7707
2.158219,-712.4683,866.85187
2.9340832,39.35073,679.0433
3.8706388,24.784176,357.64987
1.8651153,156.58127,259.48953
5.038402,546.1167,231.78145
3.8153205,55.151176,-229.58434
4.270482,394.40054,-16.601934
1.0805185,132.66989,365.2972
3.1297414,-775.0009,-18.89797
4.8265,152.84694,-20.472502
4.8603163,86.95293,-33.089226
1.550331,-650.9537,924.1529
3.6313808,-858.5745,660.9934
6.0798492,-240.64688,-415.207
4.1996293,-40.24165,62.134106
3.01169,714.55255,418.15445
4.1046677,565.3724,262.50925
3.870065,-105.32192,-80.16108
2.2783017,-950.33636,754.3649
3.24254,-278.15155,-849.0715
3.992335,251.31732,-266.16696
2.876907,-208.99115,732.60864
3.2623818,-266.29626,56.79063
2.0322928,-649.94836,-49.142574
4.491151,-186.1796,-841.38715
2.8173203,-101.97146,103.43682
1.8952553,339.95572,615.70135
0.7544209,-704.5635,564.35443
0.42282307,-248.25189,592.72534
6.613551,-586.9589,-374.12973
3.604885,855.8885,-408.21872
6.1169333,350.12958,451.19302
5.4151144,231.831,146.37224
2.5877073,571.94196,-78.78595
2.0401587,632.01556,-115.91384
3.8807945,-354.45615,164.22586
1.5028805,-742.7857,127.02361
1.0971595,448.5611,346.22827
5.1782484,-731.77356,-592.00323
0.7458055,275.49057,47.938877
2.2335086,250.36487,339.5837
4.06178,-335.46017,-372.21848
1.1749575,162.58688,165.90224
3.0935488,-117.91915,-449.74112
7.137556,690.9112,-208.72452
6.333493,551.2692,20.523687
1.2227744,-497.1638,95.890854
4.117844,-112.830215,84.59222
3.7904367,229.72565,-909.6905
8.233263,450.92435,-319.56982
5.6242013,-287.94153,253.56728
3.1865296,414.41013,907.6027
6.1678514,-379.85587,-430.23495
4.8415155,76.34116,-927.6911
4.3989353,268.94833,393.40637
4.1308627,575.776,141.56697
4.8316784,-650.24304,-220.69997
2.2329278,835.40924,-321.53433
3.3088613,83.67916,-833.9931
1.2302562,500.0773,-281.28665
3.2764444,-381.48294,798.8764
1.4998795,-819.53253,307.80588
3.182208,257.79004,-411.81873
3.4843395,-543.53217,55.485085
0.9055326,-27.660034,-510.24118
4.5729103,6.4200215,321.99237
0.81849587,429.53732,-682.0142
2.8199415,306.2014,353.03806
3.555767,474.02136,358.77695
0.7379552,595.8791,-271.9377
3.4744298,-810.4585,395.24918
1.2476534,-232.2148,580.2609
2.1973681,245.85652,-709.60944
4.9938793,574.5663,-185.87498
0.89924073,824.1486,-324.89444
2.215195,-31.046234,-227.56648
2.81596,474.83688,-341.3702
4.046099,-356.92413,-322.55865
4.8524303,-551.15735,-124.16368
1.6410114,504.4033,-26.286291
2.715137,-739.2335,-360.35388
3.0816236,164.1534,-669.93134
3.9081292,-236.03113,423.2733
3.8370261,-741.9668,-646.1218
3.1788101,253.64432,143.7034
6.726737,-553.79,-18.874992
2.8817115,346.52945,106.02589
3.0394626,530.76807,-139.27934
6.046114,-281.0779,883.3539
3.370877,316.12234,-240.8364
0.30254844,-308.0551,-863.7408
5.1941395,-772.54803,-109.207664
2.6906393,232.64583,-963.7282
4.2501445,170.51974,152.48743
6.7984514,647.70056,-267.21054
3.098345,463.00174,-239.20177
0.5884344,74.34417,-498.1757
4.7364197,-238.48761,-283.32535
3.5171852,-521.41473,804.7007
3.5698109,151.01587,687.54877
3.3068295,540.5677,103.93389
3.974075,208.40517,346.0063
4.634162,28.70557,-305.2759
4.4288983,274.51776,-132.80113
4.8072357,411.28464,49.827984
5.3472366,277.2241,3.407815
2.1143522,-407.70694,236.67633
4.2347775,646.6329,122.9548
4.5053515,407.47754,-754.5662
3.3169618,140.49979,812.3664
2.804146,-379.8784,-530.9357
6.0724125,-203.22806,975.8708
1.5850598,9.405376,-407.9271
3.0356822,-247.1081,-847.008
2.6759617,218.04486,-128.8408
5.2221236,913.88324,-928.94147
4.6637836,404.05923,531.227
4.0932097,233.96878,-8.864502
4.239515,114.69457,692.4392
5.5061555,679.5899,-1014.8391
3.4464102,-811.21075,-158.31339
2.2598066,44.833195,162.76262
4.63159,548.83856,590.9246
0.4082043,386.96616,-644.00934
3.1262074,242.55235,-282.88092
4.439037,-398.81104,-228.18913
1.2300295,-569.50586,621.8491
4.085314,-299.98657,-12.333946
2.6573305,91.28413,165.88768
1.710422,-29.142876,198.37497
2.6406054,676.40594,37.630096
3.6076407,301.13135,-163.52705
2.9139867,-205.29366,220.82893
1.333201,-124.92806,-240.83553
4.548775,36.270603,94.71392
4.178095,347.69058,324.27396
1.3746787,444.6029,-185.16422
1.5507249,306.05725,-321.62598
5.082868,-5.1888657,396.19717
2.257536,565.1555,-87.46741
1.3969902,398.4644,-295.7025
2.7723432,-741.8655,9.572355
0.97433233,-186.46182,286.06088
3.9216843,651.52155,239.34323
1.9679023,-798.4884,-144.96365
4.118499,-311.15134,207.55548
0.9826993,728.18964,-385.29395
5.851752,-457.29492,176.97575
3.743215,177.96263,-329.84378
4.3378477,462.49893,471.81155
4.7929487,291.51657,320.29105
4.5017414,-154.65965,-614.46027
3.7097006,550.5173,-799.49475
3.287162,129.35246,286.2971
1.7810754,709.1613,566.09515
6.4797354,-578.56464,-897.487
0.67539114,-799.25604,501.08084
2.610734,-312.9313,-311.11325
0.8925563,-69.327644,413.7728
4.4336953,224.4967,93.00932
2.405638,365.86942,97.847244
2.6168158,470.3173,532.5899
1.255823,499.52118,293.19446
4.3372364,-242.85532,-153.14558
1.6620529,-729.8471,487.3591
1.0116626,-104.46431,-184.23543
3.1046062,-575.8523,429.63992
1.8484411,-208.32721,-380.96426
4.196367,361.26852,-246.5212
0.66445297,729.98456,-793.7459
5.665801,-710.33545,967.24713
4.673446,337.26703,257.54144
1.7042857,-593.00604,580.8234
1.3941505,-542.3564,-107.34039
3.6055937,-406.7717,552.11615
1.8768654,-724.1596,336.66022
3.604357,181.30338,-152.51566
6.8860126,296.89865,83.6559
1.7242776,535.47675,55.7773
4.059148,1.972517,-261.8616
3.726722,-231.98053,9.968862
2.3911636,607.9005,492.70364
4.854048,132.21454,-37.521492
2.1187007,-91.76407,480.12363
2.514752,344.5732,-205.91847
4.8512564,836.0492,-439.9871
2.1964002,200.88321,-291.7348
5.264928,-767.9519,132.43498
2.2543113,760.3032,269.98837
4.622663,340.19223,285.1441
2.49991,-390.65555,316.49637
3.2619057,948.8487,-30.494572
0.8373643,413.8882,293.17957
1.069883,190.08682,116.97933
2.218821,-605.2609,-203.6948
3.956373,55.46507,-9.419176
1.5507177,638.2414,31.636625
1.7575358,-379.1391,117.946106
3.433828,49.595005,-698.315
6.479838,-22.484722,-36.694687
3.3937855,-704.0106,-738.32745
1.3120722,-427.73648,20.798164
4.5252724,255.9353,342.97385
3.4742846,309.03778,-451.80026
4.209109,-201.67465,-513.3527
7.482171,-737.90717,-172.22493
0.82337534,838.7077,868.8234
4.8594637,-751.9494,-166.8505
2.729436,-376.51663,-28.657194
3.0451035,-527.2247,516.4247
2.9854853,-674.0406,355.4443
4.3485622,31.151096,-396.0153
3.6647754,787.9394,594.40625
1.2316822,-637.3592,323.35013
4.5139446,181.58664,550.42065
2.2499416,-345.33072,258.74133
3.4680848,855.22565,-84.90416
3.2830253,796.7998,-285.472
2.9631648,-344.6728,-534.42584
2.2567606,590.56,406.90073
4.6886234,265.9899,170.99924
3.1481829,225.34943,804.6016
6.359131,497.7073,984.3681
2.7572224,-765.5943,9.164755
2.2076714,445.73367,525.6888
4.8192606,-148.46622,318.06857
2.58114,-317.11874,-938.21747
4.8361974,-277.67786,86.53298
1.052504,827.37714,125.56389
0.7361145,-718.86884,-303.24985
0.74566287,414.98386,-791.13885
5.5818586,-53.82753,-281.24728
2.5837598,-520.0032,-942.534
2.4796176,-192.1616,-489.56793
2.959277,-148.947,462.20847
2.693023,216.60104,-935.98724
3.9010768,166.05045,-520.7537
3.4709911,-307.55704,140.65306
4.782877,71.42025,96.59691
4.0733404,-48.007732,911.9866
0.67573106,-651.8398,-800.9161
3.7506554,-418.13162,-771.8346
3.7492285,-190.67278,352.94427
3.487181,351.66605,-763.2055
0.7987826,234.00262,304.38455
0.85945565,9.118687,-452.3448
2.7888293,780.2463,-45.2298
1.1135237,442.83167,59.399982
5.9694633,-516.18805,-730.8138
4.9640226,-557.28296,816.419
2.444645,582.0549,-170.16006
2.5373228,-51.637203,-481.65402
2.2740464,203.08154,-633.2332
4.112205,104.22144,281.8361
0.34457633,-228.10489,-637.5016
0.59353876,284.69052,-118.483765
2.0705867,948.02893,-829.1672
2.5071251,42.209667,-670.3419
2.234553,-96.95777,406.1852
2.5692158,-145.79085,152.58339
3.0036817,-64.768364,888.09076
7.86172,-631.52594,-132.2972
5.0714,241.9484,448.08752
1.5417016,-594.4443,349.66946
4.170331,-131.47823,-448.5317
3.369171,-47.878265,529.64233
3.4684618,28.3653,137.21086
5.7107916,-622.5679,-388.3489
5.3786025,-346.7137,584.7408
4.3624716,463.52145,-79.224945
3.3971732,-183.25642,440.20267
1.3742609,-618.336,449.9509
1.2465699,-71.34404,196.49211
1.2039363,132.20755,978.3748
3.4566183,-199.33246,732.25165
2.0380647,-213.45508,-39.14453
2.0257974,275.59396,18.85694
2.5448859,-321.4783,-462.0463
4.1494665,-218.40045,-498.02725
1.6613988,470.91568,-422.55142
3.225234,-35.656887,-157.29253
2.4162607,-765.1614,443.7415
1.8059152,134.82936,-395.5223
1.1963655,692.58307,-545.3376
2.5417876,425.4144,-143.20174
2.1044762,723.83405,-447.99588
4.584985,-15.867757,56.028713
2.1840782,32.12121,-206.7689
3.7003546,-651.6794,277.9893
4.9731364,-370.15872,-29.156588
3.0011039,201.27206,453.806
5.0606284,77.2841,63.1607
4.2514987,-447.2911,-352.3568
4.24878,-662.1452,207.13805
3.4793272,205.96729,772.06116
2.7998981,-468.67035,252.9087
2.8619561,-433.2778,-393.7523
2.8248577,35.962124,107.20892
0.72158587,-139.44633,471.75656
3.1449232,-794.25006,-315.12936
4.732624,-408.60913,-313.70584
2.4182138,602.48303,348.51727
3.6411366,189.74925,-47.115955
1.9833695,-362.33582,-267.33432
4.6218586,-99.84954,-888.3238
1.4393035,156.2624,-657.32623
6.212851,-600.9681,-458.25217
3.3409657,431.82715,95.808685
0.73348665,551.9558,900.6423
2.106233,971.3575,-186.65541
3.7252755,428.4185,-206.42267
3.2762425,536.86194,-47.71503
2.5361218,-136.37544,-485.13248
3.4826176,826.21704,-851.78644
2.9102721,181.43018,-183.54204
3.8744764,599.7861,359.40765
2.4406307,542.6913,87.1974
0.60658884,-189.35214,-629.768
2.8597713,-287.47433,181.36098
2.1441462,-712.9722,283.04468
0.9336221,-549.234,401.93185
2.072357,-651.25616,-407.71664
1.8708165,199.6115,-202.74236
5.3110843,523.8767,-165.1855
5.071509,416.69012,-133.0127
1.2739714,-642.81354,-744.169
1.1432501,-389.8815,664.3382
1.1866771,-429.49014,-414.4091
1.3519757,-262.0898,-341.71786
3.288539,340.7645,614.7358
2.3078313,319.6116,-331.54288
1.5899305,-315.04144,-381.10397
2.4950316,390.559,548.7098
5.0091033,-458.74026,-506.16385
3.6831598,22.917778,67.196655
0.6619435,-931.4439,-162.88542
2.5018022,-140.5528,-570.001
3.2728322,-809.31,215.40596
0.7384296,666.4716,-293.54514
4.087179,328.89517,-66.77188
0.88945425,-111.54361,198.77977
5.2530828,203.84244,-142.3871
3.6595702,-361.6647,-164.15208
5.469319,-371.12854,-450.7059
2.2960541,-958.2371,-46.794476
3.3768792,-576.3936,37.03268
3.682794,-0.26715854,-568.39856
4.3261957,822.1604,-443.1288
4.6415367,892.90063,-883.4577
6.594822,89.40232,-265.7061
5.1576066,585.4919,-834.8272
2.4524422,104.1835,441.04086
4.8768764,26.697773,-645.19025
3.3291798,-567.5402,-306.3346
3.9887936,763.66125,435.35013
4.588923,120.39459,612.1128
1.5823754,-264.06433,70.65593
1.0675958,-40.692207,-538.2847
4.11053,-64.47741,-14.749399
0.7918545,-677.8081,-34.92624
3.6005368,-742.2786,-292.23477
4.0464206,-658.325,396.22726
3.1627495,276.66483,164.31505
4.199647,707.0002,-13.318097
3.5762117,-258.73322,-439.1851
3.6630714,-402.90698,426.20828
1.6530879,-182.46768,-42.230976
3.560151,426.9399,574.3309
3.630236,153.62325,-195.56834
2.8652744,-180.08081,-544.5877
1.4147593,196.83965,675.23773
0.8580027,-660.75073,452.91873
2.2572634,-509.2582,-292.28186
2.2881207,-294.93814,850.9576
3.0402703,-546.88495,43.541103
1.9234847,-156.01631,898.1466
2.6853492,429.0403,-192.50223
3.4824467,-386.30972,-514.549
0.69154924,559.2066,809.7853
0.9638792,-7.4479904,-548.0218
4.740808,290.1846,474.3099
0.020780845,-501.00824,-92.53412
1.0097967,-111.211235,454.11044
7.049469,-749.6756,543.9113
3.2684023,211.86617,-659.3151
1.9792237,690.27875,21.096571
2.8782322,-516.2877,-279.17444
5.161764,-235.12653,-554.11145
2.6885643,388.16064,-449.54364
1.8559517,-242.00899,-850.0486
4.938546,-785.3143,-520.0082
2.7656958,-209.13039,-254.93071
3.8559604,-665.84155,-470.03522
5.5009923,722.01685,27.302519
2.57277,-337.61212,-910.4643
5.1765795,12.903816,-526.2099
4.269745,-689.5417,180.01025
4.0763164,-297.257,246.89465
5.342017,-922.8566,-909.03577
2.906052,223.08464,-283.70184
2.3230333,-171.57149,212.35829
0.46019664,451.73276,-421.80594
3.435558,842.5635,-282.87268
4.032424,-11.439236,-354.15555
2.6541915,-39.686718,230.16652
1.4724289,283.3522,564.6503
2.6735454,-748.20215,302.916
0.61934686,651.6589,-345.55508
1.7429686,586.59796,-122.570526
3.7372227,-65.211174,-55.275368
3.7827015,-847.47754,347.80325
2.668608,-243.43747,141.11807
6.402539,327.75473,311.86047
0.5992775,406.91458,-442.31668
5.1167436,58.214878,-97.0018
2.9319448,-186.39592,33.246643
3.4858813,330.681,686.39703
1.7313688,959.09,-82.239845
4.4006643,252.65973,-522.8076
1.9334403,218.23015,250.11955
0.9724203,-129.15842,-632.5765
5.09793,-571.2261,-200.81221
2.714614,-323.3589,254.64206
1.9613616,-792.6031,-402.1051
5.1255436,-616.28925,-446.47046
3.683762,-189.4154,74.002426
1.6077976,-357.3278,808.1529
3.586287,-414.314,345.34555
4.876231,-676.1075,-788.22626
6.112759,-108.049095,-199.27602
2.9529383,115.233635,569.66986
3.9304628,576.53253,-897.20026
3.131224,-384.0682,595.4236
2.125817,-375.17905,-242.21745
6.504377,-8.929154,-228.39383
3.6463056,-155.05434,218.31412
5.2535324,492.89386,695.676
2.8924685,-668.34674,-774.75946
0.496618,-210.95462,178.94023
4.3918247,194.11658,-420.55508
3.9722404,-749.6749,-20.898205
3.7808232,-95.82024,-370.8439
3.7028935,680.8578,369.7714
4.710784,-726.273,-514.78973
2.5970032,299.51688,-359.22238
3.755662,-115.90279,-172.61769
1.6710333,-792.16205,779.26385
3.2039764,-829.6752,-529.1579
2.583826,-497.15015,670.29504
1.6655887,506.93777,-54.857685
-0.04429798,802.6976,55.507984
5.760472,190.87396,-92.866135
3.2040248,-483.6898,-26.510588
2.314461,-492.72183,-99.88069
2.661729,-255.3095,242.89925
1.6360052,-123.36527,-625.6711
2.7985916,122.12305,438.53128
4.350963,-223.66211,20.204327
4.9824777,-201.35892,123.80698
3.0600085,-159.83728,-26.329866
5.1254106,-16.149925,-311.92972
1.3732251,-102.05316,-734.69073
4.251279,313.2299,-161.80952
1.7640842,290.27026,-611.47534
0.8756633,-93.95263,-333.29337
3.944113,127.09214,67.33092
3.3324618,5.2674417,158.20303
4.666292,-866.54877,120.344925
4.0735407,-321.43893,-375.46713
5.787174,357.37766,321.73886
3.1209407,182.6616,-332.7794
2.0721636,-692.2625,805.14703
1.0330169,-635.84283,-324.4045
1.5166404,-363.80722,-11.406173
3.7405267,292.7311,-410.4194
1.8682648,422.3827,120.61371
0.7066848,29.994263,-130.82567
4.176841,33.258064,165.49553
2.36592,802.5771,-69.12752
4.9361196,87.99639,47.768116
2.397271,-234.4232,336.81558
1.4248025,-544.8598,-572.4621
4.2832747,45.69114,293.18228
0.9139914,237.57501,-601.9909
4.431574,497.86722,48.50339
2.3822815,228.88937,705.9107
1.8766878,172.4604,467.8444
3.0202508,-671.28094,175.67429
5.153259,-22.94715,-319.6017
3.171617,211.27742,-447.8987
5.7330127,908.4009,-533.2775
0.76156646,577.7853,643.14124
4.554104,223.74014,-636.5118
3.7022753,-41.479534,333.19852
3.628685,700.0022,475.385
2.1928377,132.20738,725.23395
3.0521166,650.85895,835.75507
3.5462465,899.0991,325.84747
2.5129762,-113.60757,243.04517
5.4849596,-783.74493,-288.61905
1.7437643,327.1959,658.44794
2.5976012,954.622,-109.036194
5.708476,-656.9437,-492.01633
2.5230365,93.56492,177.7673
3.2208407,952.93176,-649.77576
1.1826477,34.063515,572.62286
3.2778568,236.2875,-546.59106
6.2508698,536.02563,283.7136
3.4389772,414.4433,-760.6093
1.3952574,540.9256,-119.80223
1.8484981,403.74966,-168.81667
2.4881282,-281.6711,24.884253
3.839821,555.1214,1.4306903
3.4809394,-367.12628,-475.73965
2.0595536,-329.86887,-531.538
5.6233144,728.8193,251.98625
3.3224921,-518.70184,417.86594
4.3010855,-188.41621,14.179766
4.2500157,-1.008049,830.0412
1.8849013,645.37177,530.92346
0.5097536,-285.95807,535.20764
4.731217,-278.0811,507.29355
3.401699,-763.7433,42.584778
3.9105453,15.284223,-154.05063
3.6974173,513.8997,372.36398
4.239469,366.44086,-45.497906
2.0439465,236.15863,65.6089
2.7449622,331.14432,-631.34735
7.022777,38.55643,-575.2153
5.2356634,63.841038,-107.46418
2.090303,-203.30215,-313.44485
6.2632303,411.50308,481.317
2.4154005,-41.16235,215.43977
2.6536243,-266.40656,181.21709
2.5405517,-9.328458,87.26376
1.6778853,-552.96204,-85.49924
4.0950994,-611.0546,-830.1775
1.4502906,-133.81323,-865.404
4.1865973,-180.7337,-150.4416
0.7651691,-132.89435,-667.946
5.0405345,-565.63934,-206.56056
3.0772848,424.5242,-696.0753
2.4412353,-286.54153,162.46356
4.325035,-89.0192,317.6008
3.1278348,304.49454,-172.90059
4.234913,337.65616,-577.23456
3.481873,-343.83783,-71.45981
4.453432,-918.9723,-852.89996
2.6504078,969.9815,246.2697
6.9744663,-343.20776,541.2276
1.4836167,-123.34275,301.0278
3.1931653,-488.3412,-648.68744
0.81512105,-65.57077,-262.29077
4.4410233,-519.438,165.04485
2.9136388,195.05777,-74.78874
4.324377,-341.12622,-379.56815
2.425639,-723.13025,-479.28262
0.79098934,-28.745838,909.6562
3.6070921,-449.78268,-155.41386
3.5687234,705.51447,-655.11945
0.37991866,-251.58945,6.9263616
2.1396065,-325.7626,-519.0145
0.3838251,-992.26215,386.81238
5.058572,311.95807,-242.30553
0.29192945,276.63235,-32.820583
4.944913,-438.27893,132.76582
4.7453556,627.0739,-102.17563
