event000000.png,3.4635744,290.71753,-80.91734
event000001.png,0.7546413,200.68433,-824.7403
event000002.png,2.0975826,-37.159042,27.90164
event000003.png,1.9286366,563.1996,-185.38593
event000004.png,3.6115034,-274.2379,-360.27167
event000005.png,5.829646,-528.1373,-147.09985
event000006.png,6.378378,-174.64494,-224.36584
event000007.png,3.5728014,542.29504,-885.70605
event000008.png,3.4052377,320.05328,-831.0162
event000009.png,7.239378,31.960302,-333.55853
event000010.png,2.664882,-619.62555,373.91245
event000011.png,1.2193667,-560.0162,-266.79926
event000012.png,2.2868385,977.42114,162.09459
event000013.png,1.5604577,-448.84485,278.85303
event000014.png,3.104433,-359.98703,-82.893295
event000015.png,3.1316054,82.35251,-42.65892
event000016.png,1.8572865,-436.933,218.02591
event000017.png,3.5974488,-67.14645,263.1103
event000018.png,3.4495173,-4.4168196,-422.57947
event000019.png,4.7948174,455.9779,55.344692
event000020.png,2.9707985,251.85365,468.87366
event000021.png,3.399873,-591.53815,123.12457
event000022.png,4.3099165,395.43073,298.21375
event000023.png,3.261529,-608.5925,196.47083
event000024.png,3.6259327,-312.229,3.6821327
event000025.png,2.8513453,10.218722,-436.40964
event000026.png,4.8529954,254.86879,366.64398
event000027.png,5.6115756,85.855255,734.81476
event000028.png,1.1540031,-146.12166,-618.20917
event000029.png,3.8844285,-60.817566,-526.39276
event000030.png,3.0894177,-243.04927,-436.8132
event000031.png,2.4908879,-26.647272,-19.952168
event000032.png,4.7551084,609.2349,693.33014
event000033.png,1.6419297,230.43721,-32.46435
event000034.png,1.2142301,281.52246,-95.84865
event000035.png,1.8972877,442.28488,-746.2152
event000036.png,2.9814098,-291.20688,-10.356896
event000037.png,1.4867097,221.77318,-761.72614
event000038.png,3.899621,-388.77805,406.0365
event000039.png,5.2260027,-802.1575,384.46045
event000040.png,2.2580352,-265.73196,-17.889494
event000041.png,3.7302675,97.46466,-583.5483
event000042.png,3.8936899,-132.90953,-13.771132
event000043.png,3.5028188,-59.72386,683.8891
event000044.png,5.4496946,135.37648,-215.61229
event000045.png,5.469222,212.12006,112.87283
event000046.png,2.0526965,-186.87845,-805.1774
event000047.png,5.247307,55.905792,-62.875614
event000048.png,7.5525794,-299.8869,467.15024
event000049.png,3.1835916,-12.494422,497.74448
event000050.png,4.53715,396.7039,-542.94354
event000051.png,2.0937068,282.48477,572.64435
event000052.png,6.394904,-170.45737,-162.00494
event000053.png,4.617739,712.7876,59.55678
event000054.png,3.8922195,-674.0842,-151.5788
event000055.png,1.3919078,-540.3614,126.312294
event000056.png,2.4998696,728.68976,652.1244
event000057.png,1.7333465,-579.9963,608.1694
event000058.png,2.4370577,365.2915,465.31628
event000059.png,4.843777,-165.7164,150.02586
event000060.png,1.715717,751.4893,590.16864
event000061.png,2.142762,614.8726,234.57167
event000062.png,5.6473894,-338.61703,161.0092
event000063.png,4.960439,83.557396,31.776514
event000064.png,4.2378626,209.7132,-368.7866
event000065.png,3.4945657,-490.5456,-704.73035
event000066.png,2.9366343,-340.1286,490.5518
event000067.png,3.217167,-25.302227,-262.1214
event000068.png,1.6681778,-143.12799,825.52716
event000069.png,1.9974452,748.0725,552.0978
event000070.png,4.193498,-150.22224,-283.17404
event000071.png,2.9841275,612.2202,358.90982
event000072.png,1.7700726,-256.64926,96.93385
event000073.png,1.1872497,-837.5186,299.9052
event000074.png,2.3728385,292.51437,226.96136
event000075.png,3.4795296,-833.46295,-26.76317
event000076.png,1.2572184,832.01636,-612.6588
event000077.png,3.549608,-743.5145,-497.84943
event000078.png,2.117053,369.67227,-313.55118
event000079.png,4.45864,-233.68701,106.3391
event000080.png,2.5472493,-175.11497,540.00256
event000081.png,3.0780659,186.45073,-367.37323
event000082.png,4.0584693,-195.58221,-583.8644
event000083.png,2.9148104,380.25375,720.5926
event000084.png,1.0037872,-307.0836,107.02516
event000085.png,3.8146613,196.00873,69.47422
event000086.png,5.7195024,-388.07776,-980.26465
event000087.png,2.7494261,593.13574,-295.4032
event000088.png,3.6762302,10.295037,-311.5207
event000089.png,3.4055102,-198.92601,783.29694
event000090.png,5.073938,-225.16586,-198.3195
event000091.png,1.9728199,-555.42706,12.4291525
event000092.png,0.49537987,-7.6610613,405.0346
event000093.png,4.096152,-913.4032,100.49981
event000094.png,4.8972883,-303.50436,-174.6095
event000095.png,2.4269657,383.71475,-583.855
event000096.png,7.7572656,166.73592,-238.3621
event000097.png,4.607927,-319.31595,717.3744
event000098.png,3.8635726,-551.64105,-710.3069
event000099.png,5.488067,-578.1397,594.0651
event000100.png,3.4054313,-309.12485,-809.86975
event000101.png,3.2473383,-378.7479,694.7083
event000102.png,1.5062523,756.7456,-101.28515
event000103.png,2.7353327,-320.01877,-274.06244
event000104.png,1.2253703,845.1963,548.6832
event000105.png,5.0877905,671.1196,135.38103
event000106.png,3.9940672,-692.7427,-744.3124
event000107.png,3.6416926,150.47783,-44.55481
event000108.png,1.5408057,-579.2306,509.22552
event000109.png,4.1628356,98.61295,478.63354
event000110.png,3.279736,331.7162,49.737663
event000111.png,2.6344404,350.06134,260.55463
event000112.png,3.7583663,689.66736,818.2725
event000113.png,2.0661373,-124.4482,521.3708
event000114.png,1.5879052,-116.4492,541.90735
event000115.png,3.3421447,224.76677,-447.2652
event000116.png,3.5986671,-196.60149,-497.74643
event000117.png,5.1714563,-441.9218,-139.0328
event000118.png,2.1774926,-655.1514,-651.935
event000119.png,6.9036155,107.85392,910.4062
event000120.png,2.3912363,594.8065,-170.63313
event000121.png,1.2377092,-568.233,122.22276
event000122.png,5.965324,372.2479,278.08124
event000123.png,1.3264949,-166.00665,670.3325
event000124.png,2.0320253,407.05054,-883.2649
event000125.png,3.9118116,-279.32535,401.9475
event000126.png,2.2512364,-55.352264,396.21747
event000127.png,3.6145852,3.9121313,840.50995
event000128.png,4.5463953,-396.45032,-976.492
event000129.png,4.992206,-55.354584,-22.512852
event000130.png,2.9598875,-218.39592,642.92957
event000131.png,2.0011997,359.60892,701.2399
event000132.png,2.4495435,-8.597238,271.47995
event000133.png,2.9077008,928.5813,836.7074
event000134.png,2.4671466,225.54536,-457.86252
event000135.png,3.3173985,443.8688,838.03143
event000136.png,2.3079636,158.05266,30.182255
event000137.png,4.306401,-352.15866,-851.5906
event000138.png,2.419389,571.1455,-264.55774
event000139.png,2.3110585,-508.45905,140.47823
event000140.png,7.1572056,-798.45685,310.22034
event000141.png,0.78347874,366.60092,-721.0879
event000142.png,2.0389347,977.6859,-284.3631
event000143.png,1.6371303,-696.473,761.5258
event000144.png,1.9088271,-225.68431,857.6896
event000145.png,0.9968384,111.98611,-984.75494
event000146.png,4.5937467,52.275066,-850.4261
event000147.png,4.6886907,-276.08954,343.33572
event000148.png,0.75524825,170.2397,-290.68277
event000149.png,3.8758557,-51.80969,-111.02978
event000150.png,4.4329076,-124.80336,-735.37115
event000151.png,3.7480557,-474.94836,-440.60544
event000152.png,3.8834758,624.9229,116.43319
event000153.png,1.7671083,-186.37563,307.0562
event000154.png,5.2692833,825.75684,-899.6187
event000155.png,3.1435645,-516.817,-715.6497
event000156.png,3.6523714,157.12276,343.47226
event000157.png,3.1164458,138.9072,341.24176
event000158.png,3.9351778,-173.68417,967.47
event000159.png,3.7264545,-261.1838,-638.71857
event000160.png,3.952101,503.85498,92.201294
event000161.png,4.7568493,-888.5914,600.05145
event000162.png,4.1568055,722.5287,-625.5186
event000163.png,1.7233431,651.18713,-827.4497
event000164.png,3.9077604,-380.45532,299.9806
event000165.png,4.5173593,-641.62964,390.47144
event000166.png,2.5194387,-964.1247,-188.46878
event000167.png,1.82049,-22.744707,-487.56363
event000168.png,5.93351,-399.01224,296.39136
event000169.png,2.0465968,109.704094,-934.6212
event000170.png,1.8497896,642.50476,61.422447
event000171.png,3.365687,-74.39299,-925.4083
event000172.png,4.0235157,-199.8713,138.25163
event000173.png,3.895862,741.2963,-258.3827
event000174.png,5.571436,-399.9043,576.1871
event000175.png,4.626849,-638.264,-761.6121
event000176.png,1.0035472,-763.5198,-45.45183
event000177.png,3.2470007,75.12074,298.14572
event000178.png,2.4535246,-720.35187,-613.58795
event000179.png,5.720996,537.07074,649.6021
event000180.png,3.0230718,-601.2583,-627.2759
event000181.png,2.8491046,811.269,-234.73912
event000182.png,1.8579403,776.9236,257.8866
event000183.png,1.7668968,525.38995,338.14307
event000184.png,1.8010873,631.44275,173.31332
event000185.png,4.2102556,111.593925,141.83669
event000186.png,3.2289543,678.20013,-950.8899
event000187.png,1.1770049,806.6767,124.67858
event000188.png,0.89296,-231.35693,128.5761
event000189.png,3.6519797,58.603058,-48.028183
event000190.png,1.8324661,-71.32112,-869.58246
event000191.png,4.3365746,-692.64557,-283.44086
event000192.png,4.4972525,-277.08624,-0.46494484
event000193.png,1.3897111,-553.30994,-225.39458
event000194.png,0.8170611,-81.42855,819.2184
event000195.png,3.9789257,159.71036,94.260994
event000196.png,3.6433706,-25.09378,824.1122
event000197.png,1.2553555,835.7615,-143.53311
event000198.png,1.6374991,452.96838,84.76645
event000199.png,2.8820026,-136.08167,-611.7033
event000200.png,6.2326484,-272.30017,-424.65265
event000201.png,2.1308217,160.48468,-610.55695
event000202.png,5.0795717,217.7518,-482.2
event000203.png,5.175819,735.4066,163.54884
event000204.png,2.4603124,759.523,-155.34329
event000205.png,5.4329762,63.4924,-947.6206
event000206.png,5.4436054,262.27017,-202.71523
event000207.png,4.3670936,377.2187,280.60156
event000208.png,4.1296883,-54.58764,358.1674
event000209.png,3.7422872,-658.15436,115.59183
event000210.png,2.633649,526.0125,876.4816
event000211.png,3.080951,698.50134,561.7877
event000212.png,2.865391,-898.4885,-94.727646
event000213.png,5.045161,847.194,-486.71817
event000214.png,3.3355525,-31.237837,-884.6984
event000215.png,3.7034757,-265.92654,405.85312
event000216.png,1.4961076,-549.0121,-808.87695
event000217.png,2.0816085,118.221375,-421.7606
event000218.png,2.892348,456.45407,-34.9905
event000219.png,3.062785,-201.04498,-356.28793
event000220.png,4.608049,227.75743,-555.1476
event000221.png,3.6711633,-17.506498,372.7033
event000222.png,4.216897,191.27173,-245.34761
event000223.png,4.3158145,-138.24736,-10.769666
event000224.png,4.5248027,-750.69635,-130.6332
event000225.png,1.791508,23.889994,-69.56446
event000226.png,4.8776913,-119.13322,-833.6711
event000227.png,6.153657,-97.00726,-679.0073
event000228.png,1.5890769,-9.934016,723.97174
event000229.png,4.402134,989.3636,-811.4576
event000230.png,3.273095,-885.1989,120.96595
event000231.png,6.034375,-315.06863,11.204625
event000232.png,3.3790069,58.327225,-48.405903
event000233.png,1.0135789,484.48114,56.62573
event000234.png,0.86781096,689.3037,-124.41144
event000235.png,1.2816116,-366.92157,-143.3564
event000236.png,4.0309925,-177.17935,-65.38648
event000237.png,4.3985825,623.17004,456.68137
event000238.png,1.1959282,-437.86102,-1.3783522
event000239.png,2.6714444,843.03937,-333.07718
event000240.png,3.1015842,-339.4308,22.175016
event000241.png,2.0630713,294.19766,-398.37802
event000242.png,2.2178345,-766.4042,-455.8184
event000243.png,4.926519,593.2359,-608.5498
event000244.png,5.5885525,406.49136,137.30942
event000245.png,3.9305384,-297.6804,171.23012
event000246.png,0.82727647,-634.433,-973.0339
event000247.png,0.6468877,-897.84937,-247.54762
event000248.png,5.2117867,-516.9431,-433.3508
event000249.png,4.5490417,-43.237057,-248.14983
event000250.png,3.5384467,-652.19495,433.88995
event000251.png,2.7684777,-950.7959,-139.81609
event000252.png,2.6354442,93.79527,700.67084
event000253.png,2.4061148,319.7026,-713.1859
event000254.png,6.762698,-711.23254,119.617195
event000255.png,5.46065,262.26242,111.27726
event000256.png,3.0829067,-284.41113,446.6408
event000257.png,1.9753803,746.39514,-15.670808
event000258.png,1.2386225,-441.66858,227.87706
event000259.png,4.9219537,944.35925,634.9455
event000260.png,0.6913384,97.90837,-454.30774
event000261.png,2.77744,649.824,-387.29227
event000262.png,2.675946,275.82663,-241.11015
event000263.png,3.583229,378.89926,232.66862
event000264.png,2.9756932,795.93884,-716.91846
event000265.png,3.6512127,499.05923,224.63039
event000266.png,0.8684975,-365.76047,702.1794
event000267.png,4.6389856,624.69257,82.968796
event000268.png,1.656427,179.72812,-670.56433
event000269.png,1.5056725,11.145396,-530.49493
event000270.png,4.9849105,-119.45729,432.818
event000271.png,3.631159,-292.41638,164.79944
event000272.png,1.0935107,-9.2329645,-782.5794
event000273.png,3.7542305,-145.3914,405.34207
event000274.png,6.489104,614.7965,535.9206
event000275.png,4.5636096,-531.7607,-251.70477
event000276.png,1.1463795,-416.58972,654.17664
event000277.png,4.7481704,538.99414,717.0647
event000278.png,5.4060936,-885.9328,-935.1085
event000279.png,1.7872053,-649.89844,12.007946
event000280.png,3.3818018,-177.20149,-135.55444
event000281.png,3.887846,787.9381,-688.0231
event000282.png,4.5060673,136.75456,227.23772
event000283.png,3.1692336,334.64478,112.7473
event000284.png,4.4036274,312.03998,-155.61613
event000285.png,2.2468429,839.0724,75.900345
event000286.png,2.2413085,551.5228,960.65137
event000287.png,3.4933949,-76.016785,216.52913
event000288.png,2.7713735,-490.11954,-295.58447
event000289.png,5.0317545,-294.86682,-507.0032
event000290.png,3.4112403,-133.02814,-703.2391
event000291.png,3.9695053,-186.59756,-212.54997
event000292.png,7.7265463,-557.78406,-553.7993
event000293.png,2.9408872,59.515656,-702.75037
event000294.png,3.8686671,192.0199,797.21576
event000295.png,3.309716,-561.55597,223.17717
event000296.png,4.7248316,32.916557,424.4542
event000297.png,3.5518312,713.10626,-23.155128
event000298.png,2.750978,-148.43825,-759.378
event000299.png,4.7332125,855.79443,325.91812
event000300.png,2.604852,265.2539,-957.6016
event000301.png,1.4573773,366.25967,473.31818
event000302.png,8.043606,-104.06786,-10.138646
event000303.png,3.161315,719.93414,96.52228
event000304.png,3.5569038,389.4895,246.48538
event000305.png,3.195305,-344.71817,956.28235
event000306.png,6.452965,711.20795,-62.060215
event000307.png,2.7090402,-70.61176,-305.03094
event000308.png,4.0121503,-294.47006,-192.22435
event000309.png,7.417365,299.78116,-250.6452
event000310.png,0.68189615,199.56558,-549.43414
event000311.png,2.8337743,866.4524,605.71234
event000312.png,4.794627,317.8824,-161.67354
event000313.png,2.35371,-694.4033,109.58458
event000314.png,6.155867,-338.63187,-514.49817
event000315.png,0.74496466,292.85886,-156.24812
event000316.png,1.8193697,-730.6898,-567.23065
event000317.png,6.288433,-62.423523,-945.0923
event000318.png,0.58170235,-860.9802,896.9812
event000319.png,3.2629085,-206.98055,-245.59769
event000320.png,0.9879749,565.2801,-872.88245
event000321.png,4.0722237,311.47433,353.18213
event000322.png,3.7887588,-446.8975,-512.8707
event000323.png,0.8539693,98.83554,502.5196
event000324.png,7.3519306,-210.43001,509.3966
event000325.png,5.58807,-420.1448,96.288574
event000326.png,0.98653805,675.06915,-263.41187
event000327.png,3.2124765,-143.1581,-261.36752
event000328.png,4.050615,-263.74997,-507.96356
event000329.png,4.811458,102.11342,63.470615
event000330.png,1.6118602,24.981333,-68.785
event000331.png,1.720817,733.7132,527.83264
event000332.png,5.158679,533.57227,540.1602
event000333.png,2.6311405,509.24774,-854.9405
event000334.png,2.863302,-596.61786,-230.9595
event000335.png,0.6422137,381.31955,-286.66232
event000336.png,1.0782843,83.452805,-609.9282
event000337.png,3.710069,-322.01053,18.095705
event000338.png,2.7052498,-29.019163,-62.62997
event000339.png,2.5987988,827.7088,445.4101
event000340.png,1.6953874,538.1951,779.00903
event000341.png,1.1747985,-335.60233,997.39185
event000342.png,1.0906157,194.08293,715.4552
event000343.png,3.9549387,-696.694,-451.76202
event000344.png,2.6575427,214.27821,723.2131
event000345.png,5.1735387,-447.39673,403.43454
event000346.png,4.5300913,-510.52463,414.89197
event000347.png,2.9751813,-141.87392,-598.69196
event000348.png,4.270937,-181.73001,-458.76544
event000349.png,7.858312,78.092285,415.04135
event000350.png,4.9379115,-475.4018,-660.2807
event000351.png,1.6989022,-354.64252,-83.994095
event000352.png,3.0648396,330.67535,-195.93005
event000353.png,3.8757544,-612.0236,-148.755
event000354.png,1.3358397,275.29843,-45.56878
event000355.png,3.3362508,-371.07547,153.90211
event000356.png,1.2351875,-585.9152,328.10223
event000357.png,1.2901105,-164.50478,-177.3932
event000358.png,6.0300016,-226.4389,167.16504
event000359.png,2.3219328,763.8097,707.0492
event000360.png,2.5563102,911.70087,33.84914
event000361.png,1.6154723,-272.7733,-447.52783
event000362.png,3.7390406,-460.5229,84.59906
event000363.png,2.8907053,-450.28333,195.04143
event000364.png,2.7722218,496.97623,292.6791
event000365.png,7.8949404,-246.80855,-78.53032
event000366.png,4.5914087,186.77498,-843.364
event000367.png,2.7582564,306.5259,-449.28967
event000368.png,3.7810936,-40.219437,873.5006
event000369.png,2.2848809,863.94,-149.54968
event000370.png,3.7259908,130.62381,225.87004
event000371.png,2.5710263,52.860725,-467.85748
event000372.png,3.8115218,43.3637,62.58431
event000373.png,1.91535,342.82706,902.73303
event000374.png,3.6839008,69.09754,74.518654
event000375.png,5.1260314,515.69336,108.67067
event000376.png,3.3269725,-915.18024,467.11697
event000377.png,3.6178138,232.69167,142.95195
event000378.png,3.366674,404.3059,-705.956
event000379.png,1.9643084,-624.6222,204.41364
event000380.png,4.6800337,404.08475,137.65013
event000381.png,5.198437,-251.72636,-19.076725
event000382.png,2.0072527,-188.54562,225.02504
event000383.png,2.6279826,-177.85431,607.56433
event000384.png,1.8630868,-120.40647,37.581455
event000385.png,2.2149413,899.47534,660.63934
event000386.png,0.5777743,621.8733,210.44788
event000387.png,3.7296226,112.35932,-719.51697
event000388.png,1.0297498,503.913,-81.16883
event000389.png,3.9027503,-652.31323,-431.37814
event000390.png,6.636203,91.343025,-319.0903
event000391.png,4.899207,196.1078,448.88318
event000392.png,3.8806384,290.54736,403.2126
event000393.png,1.6932751,245.03273,-673.75226
event000394.png,3.5539908,-175.34166,390.98346
event000395.png,1.8457476,-189.30989,222.99716
event000396.png,0.8455619,-546.45325,862.69226
event000397.png,2.784969,-150.42526,689.4722
event000398.png,2.7729356,-319.68997,-40.601997
event000399.png,3.765544,-165.31342,92.93106
event000400.png,2.8519268,-302.9472,589.5608
event000401.png,4.0861983,-391.49628,550.2594
event000402.png,6.6042743,-523.74097,-579.5692
event000403.png,6.4057293,199.97748,-428.53516
event000404.png,2.1071498,215.39342,235.12337
event000405.png,3.5110404,-658.5753,773.059
event000406.png,4.2203655,959.201,419.84332
event000407.png,3.7300892,781.25354,-747.6773
event000408.png,2.1075504,-202.72916,359.96555
event000409.png,0.6439067,738.53455,16.669334
event000410.png,1.1616218,430.41678,458.60455
event000411.png,4.3410745,-860.7887,-472.96002
event000412.png,4.7247825,-968.4845,-475.6855
event000413.png,4.21283,29.461678,-292.15503
event000414.png,2.5033996,520.1878,176.57259
event000415.png,3.253851,296.47607,-348.7334
event000416.png,0.8919962,420.58353,-161.33553
event000417.png,3.5789664,-11.552132,179.30211
event000418.png,3.9362078,-113.96531,-192.65585
event000419.png,5.488343,-334.54544,-103.36428
event000420.png,4.2834525,-176.7032,-373.9417
event000421.png,2.5979614,-120.580605,-121.33713
event000422.png,3.9235582,-184.01317,-654.99603
event000423.png,2.6241715,209.45638,411.9815
event000424.png,6.14608,657.1587,289.5255
event000425.png,2.7579222,332.31897,901.25146
event000426.png,1.9732758,-869.97766,977.19745
event000427.png,3.2126215,-645.46545,-244.11346
event000428.png,5.7762437,969.7077,-202.3601
event000429.png,4.527295,305.72195,847.00836
event000430.png,3.9297626,313.2,-953.2499
event000431.png,2.2412622,-222.2117,-271.44952
event000432.png,4.165654,-8.270335,372.76535
event000433.png,1.9053541,122.42524,418.61108
event000434.png,2.700608,265.20465,646.5138
event000435.png,4.969049,-103.90076,-341.39963
event000436.png,4.0308714,4.242215,539.7827
event000437.png,4.1144047,-331.20325,777.2812
event000438.png,3.888004,292.1357,-140.9081
event000439.png,4.6107597,-85.1694,-99.274605
event000440.png,0.96550775,-523.9454,-967.0244
event000441.png,2.517168,-88.554504,65.78556
event000442.png,1.5913873,536.10443,702.2401
event000443.png,3.618968,476.8593,-12.955061
event000444.png,5.250153,698.9462,864.8689
event000445.png,5.015375,501.53265,-214.11995
event000446.png,6.1422033,568.2054,129.85994
event000447.png,4.9610715,-456.83987,464.459
event000448.png,1.353896,-698.91174,-977.21344
event000449.png,3.220865,19.787758,321.60373
event000450.png,3.1021812,-154.6545,-381.36612
event000451.png,2.0875056,-290.53204,597.67035
event000452.png,4.5482645,25.18604,-261.8906
event000453.png,5.0632944,237.22824,-603.42944
event000454.png,2.623481,35.54057,-597.50757
event000455.png,5.4046564,-71.24596,-31.169079
event000456.png,2.84765,712.7958,-415.09296
event000457.png,2.132258,-33.249718,-680.32404
event000458.png,1.6397815,622.3214,-407.77106
event000459.png,0.8393773,602.81494,-560.7746
event000460.png,5.790425,-792.78394,497.43622
event000461.png,7.5448675,216.21017,305.2604
event000462.png,4.7488065,-642.893,333.6341
event000463.png,2.2882397,-460.68057,448.41718
event000464.png,1.3938954,936.6547,-52.151035
event000465.png,0.9740726,-62.713852,-115.51911
event000466.png,0.8346794,173.53725,-249.28764
event000467.png,5.4791956,102.625916,757.2923
event000468.png,2.3613677,-199.4783,41.08755
event000469.png,5.431744,-491.3022,-23.408373
event000470.png,1.4257802,99.59904,-74.49666
event000471.png,3.2175295,885.3671,-287.2141
event000472.png,0.9126132,-392.2195,943.86414
event000473.png,1.7350116,-611.1669,109.01279
event000474.png,2.5257747,-336.8318,1006.9363
event000475.png,3.1353354,394.26205,-47.219784
event000476.png,6.8685775,688.55725,925.88806
event000477.png,3.4302907,309.63092,174.82585
event000478.png,3.6220622,67.19087,-14.589649
event000479.png,4.456652,350.7524,904.1366
event000480.png,7.746165,-512.1456,-48.240963
event000481.png,3.594599,-75.99125,-209.55316
event000482.png,3.5722644,-271.28876,-773.41516
event000483.png,5.0327168,-619.53613,283.9161
event000484.png,2.0814588,434.4333,-515.5702
event000485.png,2.1852202,111.75696,-940.6114
event000486.png,1.3068763,103.78235,-874.6723
event000487.png,2.9080784,-228.24428,-224.82457
event000488.png,3.4315462,-100.03083,218.6852
event000489.png,3.0942109,-450.215,-38.2331
event000490.png,3.3438663,599.1714,33.124805
event000491.png,5.2000794,523.09235,310.06302
event000492.png,1.4987639,799.6434,173.36385
event000493.png,1.8267808,-237.83812,-332.25443
event000494.png,7.216508,-139.082,43.85135
event000495.png,5.4719872,488.82874,-212.24611
event000496.png,1.409881,463.03024,326.33716
event000497.png,4.828741,-767.8744,589.4266
event000498.png,7.463073,-810.53674,354.89377
event000499.png,3.6628113,559.181,105.50283
event000500.png,2.2994494,341.92606,443.20245
event000501.png,4.664425,-791.41327,-124.77653
event000502.png,0.6338363,-260.42828,315.52484
event000503.png,1.3146565,462.5549,148.0142
event000504.png,2.2577512,-159.72174,601.3775
event000505.png,2.5143006,569.4332,503.89313
event000506.png,6.2065573,618.4304,713.4228
event000507.png,2.8663857,-76.91884,454.60022
event000508.png,4.4090986,316.53604,47.287315
event000509.png,0.79671574,458.08276,-43.34209
event000510.png,2.4079442,508.644,54.731667
event000511.png,3.3012927,706.926,469.52155
event000512.png,3.6398714,179.00943,636.2261
event000513.png,3.1645474,-738.59064,-547.6691
event000514.png,5.377391,493.8161,-585.0864
event000515.png,6.1166143,39.88582,-276.71375
event000516.png,2.5105672,-177.8453,714.8619
event000517.png,3.3720226,-475.44418,226.7087
event000518.png,2.7422404,-562.1362,1000.9946
event000519.png,2.6736636,724.3349,-72.36355
event000520.png,2.120926,-35.370525,231.03204
event000521.png,2.201512,-517.98987,-260.82288
event000522.png,2.6975725,203.82361,174.84474
event000523.png,4.4194293,-252.52296,191.71132
event000524.png,1.1744616,329.58276,7.4973383
event000525.png,0.99665195,-811.98834,161.56421
event000526.png,2.9528599,-623.5037,-1.1840525
event000527.png,4.060972,706.684,97.04522
event000528.png,4.381646,-247.56873,-6.9868083
event000529.png,1.803004,-404.75476,631.72736
event000530.png,2.194877,382.7725,-283.85904
event000531.png,5.0862327,39.96803,-284.59705
event000532.png,6.1324368,-307.63644,666.5809
event000533.png,1.7387048,40.299004,-448.10486
event000534.png,1.0482965,-144.9403,225.2814
event000535.png,3.2875535,-617.4424,-417.929
event000536.png,1.4278598,133.06595,-431.03723
event000537.png,1.2846998,422.80878,-109.38253
event000538.png,7.7134867,438.15417,16.565874
event000539.png,4.0960884,127.790504,432.60254
event000540.png,2.225688,345.46677,928.37836
event000541.png,2.5899565,-396.29593,205.8679
event000542.png,6.8136773,280.44766,-526.956
event000543.png,1.0347636,188.81305,-322.06668
event000544.png,2.3523207,622.11816,565.3534
event000545.png,2.5835907,-180.19292,53.246426
event000546.png,0.9967401,-181.38655,-391.35666
event000547.png,3.8464773,-287.4385,-214.17627
event000548.png,6.303652,-791.0008,281.21558
event000549.png,4.2427726,194.03822,717.27246
event000550.png,4.890832,202.39357,117.1376
event000551.png,3.215301,13.100335,989.20996
event000552.png,5.4181013,404.18677,302.60767
event000553.png,0.8135653,-418.87115,76.68536
event000554.png,4.6431594,-202.51021,-577.2839
event000555.png,3.7079992,-958.4605,412.28442
event000556.png,3.548615,-243.89255,-226.2675
event000557.png,0.7583004,-135.5183,697.5595
event000558.png,4.115572,-305.71765,283.3971
event000559.png,2.2011113,-43.13866,-755.3885
event000560.png,5.218964,-297.89322,-31.948368
event000561.png,1.9853415,-707.5866,-219.68547
event000562.png,1.4332377,596.4054,740.1425
event000563.png,5.67307,-453.6289,496.7045
event000564.png,2.2796237,-128.75195,779.4327
event000565.png,4.555107,-433.15866,-142.82127
event000566.png,3.5954022,-738.4071,193.1045
event000567.png,0.79008305,-83.96365,-682.8161
event000568.png,3.6594603,-275.8541,-198.73059
event000569.png,4.4185834,689.70013,169.92036
event000570.png,4.3824186,537.3996,700.88696
event000571.png,4.6349177,151.75035,-412.90906
event000572.png,6.6792383,273.0475,-739.9153
event000573.png,1.9885063,536.2846,-188.94427
event000574.png,4.063932,-252.69513,-592.429
event000575.png,1.2297752,283.4608,-493.18015
event000576.png,2.3444016,110.79464,45.512596
event000577.png,6.355803,-156.7126,-199.19685
event000578.png,1.9942287,942.8476,-540.1424
event000579.png,3.9683702,-928.2633,-218.48509
event000580.png,5.6149735,-844.7322,-562.7619
event000581.png,5.314746,-449.99854,250.62352
event000582.png,1.8800563,332.4908,-358.05923
event000583.png,4.009039,-227.25868,-127.15615
event000584.png,5.8939595,-264.9194,74.17247
event000585.png,3.1086457,-107.2954,-329.2927
event000586.png,3.5235314,-405.6682,-190.33441
event000587.png,0.9372505,-365.76398,-190.72942
event000588.png,3.6538095,-395.26022,112.18722
event000589.png,6.433453,-809.40564,-858.08136
event000590.png,0.5928979,163.4109,549.85583
event000591.png,5.8016133,21.599373,599.65955
event000592.png,2.783816,489.28305,-418.8399
event000593.png,4.669695,900.09375,-738.46216
event000594.png,4.491403,-228.63182,-389.0004
event000595.png,1.4662164,274.7996,-344.67313
event000596.png,5.11152,-93.054054,400.75928
event000597.png,2.4392328,-825.40216,-512.61926
event000598.png,3.7691474,-233.25659,-426.01245
event000599.png,3.630939,24.054869,-801.0954
event000600.png,3.0604649,-27.229656,-528.41254
event000601.png,3.3047411,255.59058,-32.01701
event000602.png,2.553326,-130.5707,-243.96475
event000603.png,7.0818987,-437.22842,526.65735
event000604.png,4.0038633,-427.3863,-715.46387
event000605.png,7.1096888,20.482521,267.4885
event000606.png,5.037269,-449.08023,455.47403
event000607.png,7.561593,-308.78967,-496.1397
event000608.png,4.629979,-36.0962,293.77036
event000609.png,3.8950248,609.51733,-765.514
event000610.png,3.200434,-279.94272,-685.3274
event000611.png,4.7308464,523.17413,58.83025
event000612.png,4.6036005,-24.03744,755.01575
event000613.png,2.4148707,-49.197407,505.57315
event000614.png,6.0818815,-472.50375,237.92711
event000615.png,1.3794812,-852.3626,-58.884262
event000616.png,7.7725606,509.74982,-237.91707
event000617.png,5.465678,-25.207867,743.29846
event000618.png,2.8559353,-748.6644,15.341815
event000619.png,1.3309318,655.1018,-651.4989
event000620.png,3.5124702,-433.6756,511.50787
event000621.png,4.6205583,-317.3441,415.86166
event000622.png,2.444857,-142.90094,199.01552
event000623.png,4.131634,851.1435,532.13
event000624.png,1.0490092,747.7427,-646.1658
event000625.png,4.7393866,68.74155,-580.6594
event000626.png,3.4081478,-59.020008,-390.80176
event000627.png,2.6053455,-436.1142,466.8887
event000628.png,4.153916,-66.64787,382.29324
event000629.png,1.7345883,153.16353,732.1537
event000630.png,6.357585,357.90323,-363.0051
event000631.png,3.2920644,86.637596,447.3555
event000632.png,4.435814,271.1387,48.443573
event000633.png,1.9390213,-283.7864,2.0285034
event000634.png,0.69874924,-20.815504,170.621
event000635.png,2.9678795,-870.2256,753.2368
event000636.png,1.3691947,-110.966705,-413.08594
event000637.png,1.6440945,-174.26605,-251.36852
event000638.png,2.1971717,-141.70998,-207.74103
event000639.png,4.5565414,-238.80646,-499.5211
event000640.png,3.779169,-597.9136,-545.39874
event000641.png,4.6236515,-1.2185984,352.81244
event000642.png,3.3862524,-34.705643,467.78098
event000643.png,2.5080564,-268.10455,184.35483
event000644.png,3.7240808,-43.86528,-203.31978
event000645.png,1.0259762,207.79347,69.74902
event000646.png,3.0725958,-822.0127,-227.67256
event000647.png,4.023455,983.8355,-152.61394
event000648.png,1.6692532,-211.41924,-336.39673
event000649.png,4.381054,-482.61096,-242.29175
event000650.png,1.2719542,-291.50687,149.3184
event000651.png,5.0322504,-823.72626,-537.3305
event000652.png,5.4901376,-589.6573,741.7337
event000653.png,3.6980093,-461.63513,689.8232
event000654.png,4.705006,-368.6259,-202.17021
event000655.png,2.725914,655.03516,277.40933
event000656.png,4.700338,-634.51825,-570.79956
event000657.png,5.662544,-835.7406,425.4527
event000658.png,4.0984545,369.7286,-292.9708
event000659.png,4.483177,309.95206,375.4913
event000660.png,1.3958579,106.04777,700.04663
event000661.png,1.573565,378.65793,-541.6649
event000662.png,2.6795166,-136.11226,-313.86176
event000663.png,6.159091,35.545963,-172.18071
event000664.png,2.3991315,80.48457,296.3737
event000665.png,3.8140717,-397.06485,800.96313
event000666.png,2.7745092,-314.6344,496.22098
event000667.png,1.0613676,-647.0857,315.54803
event000668.png,1.5621697,69.98184,349.81586
event000669.png,5.5622168,615.5122,480.34012
event000670.png,4.419215,-4.8190756,990.7549
event000671.png,0.8637492,-217.9548,-43.99676
event000672.png,2.3614607,266.86237,-820.9386
event000673.png,4.2337785,-319.43604,-230.55792
event000674.png,1.7765187,-573.58435,-380.95044
event000675.png,6.7091384,-332.72113,-107.436356
event000676.png,2.5598621,-44.04802,473.49728
event000677.png,4.0294814,-116.1956,-326.04932
event000678.png,5.1506567,-106.7023,-211.73158
event000679.png,5.834024,418.65524,712.07227
event000680.png,1.4701912,-486.2997,385.73834
event000681.png,1.2204307,-955.3599,-259.59448
event000682.png,3.1256578,16.79881,-122.07676
event000683.png,3.3155549,-199.37538,-704.60834
event000684.png,1.4869438,76.64104,-282.16678
event000685.png,4.821436,-550.55066,429.17603
event000686.png,3.1263335,-120.93512,370.97137
event000687.png,3.799115,-429.13242,92.96225
event000688.png,2.723855,-111.83614,601.14703
event000689.png,6.0244927,783.09937,-20.50643
event000690.png,5.3034434,745.59625,146.73216
event000691.png,2.9796045,718.9592,79.08152
event000692.png,3.2782612,-515.6976,772.2393
event000693.png,0.7653257,309.61676,407.3078
event000694.png,4.583563,-770.30884,85.98962
event000695.png,3.667728,138.03438,-592.0828
event000696.png,1.4297162,-399.5326,716.4898
event000697.png,4.537799,-178.07745,769.1983
event000698.png,3.194278,626.9399,-934.58575
event000699.png,1.4738797,54.085033,-272.21844
event000700.png,5.7283554,321.6705,168.84839
event000701.png,3.5061693,-181.98076,420.30872
event000702.png,3.4811401,-720.1937,146.67815
event000703.png,3.0029304,-18.136696,627.85254
event000704.png,2.6258407,186.18001,-833.3543
event000705.png,2.1104991,83.84808,-119.16619
event000706.png,4.688005,-294.88217,17.23397
event000707.png,4.2359056,150.22078,191.98274
event000708.png,0.767418,-89.86403,-148.60098
event000709.png,2.1230261,-337.28906,733.204
event000710.png,0.7026912,-391.65176,-530.9733
event000711.png,2.7170098,108.51581,164.13528
event000712.png,4.219077,-475.30383,-390.39258
event000713.png,4.868491,-439.90622,-465.69446
event000714.png,2.6621969,-294.11194,-299.30557
event000715.png,4.2429376,-263.47754,-233.62172
event000716.png,6.885269,-505.3646,519.71814
event000717.png,4.51476,18.087383,-862.5392
event000718.png,1.6894325,9.603467,-86.39021
event000719.png,6.363431,-692.70703,164.96703
event000720.png,4.674874,424.81747,343.63678
event000721.png,7.3848615,-123.50651,-302.0148
event000722.png,7.2227654,-191.14912,124.1562
event000723.png,1.4860927,455.53357,509.002
event000724.png,3.9003136,215.76741,639.9855
event000725.png,1.9002577,-249.22188,388.01425
event000726.png,3.3273392,151.91527,52.69959
event000727.png,1.5461491,-228.14032,-269.14328
event000728.png,3.2847753,109.88287,-65.96686
event000729.png,4.9935126,900.1536,-880.26636
event000730.png,2.63014,-62.263527,-142.57123
event000731.png,4.1075554,324.36017,47.540104
event000732.png,3.510432,5.4915857,-129.06876
event000733.png,2.0425656,734.63696,-520.24396
event000734.png,4.8456764,674.38446,-317.07736
event000735.png,7.1562533,-172.97353,190.55714
event000736.png,7.2915316,-1.7515364,146.00827
event000737.png,2.103733,-421.90805,287.2943
event000738.png,5.772404,398.72864,-538.70685
event000739.png,2.0509927,-158.90887,409.80478
event000740.png,6.6366673,637.6468,779.141
event000741.png,3.642244,-276.7162,-247.09656
event000742.png,1.7813501,972.45105,388.74704
event000743.png,6.2948227,737.9964,725.5029
event000744.png,7.40178,32.959587,253.29945
event000745.png,2.4171607,264.3451,-45.17172
event000746.png,5.3080134,-79.6135,223.30563
event000747.png,3.0006316,893.8866,-629.06146
event000748.png,2.2642615,29.723642,419.7026
event000749.png,4.365937,-277.28632,19.615366
event000750.png,4.013679,-120.20146,-111.07182
event000751.png,3.3001766,159.11958,73.151344
event000752.png,1.8937279,154.20619,102.71207
event000753.png,2.1578662,-31.909794,86.865524
event000754.png,5.22816,455.46362,627.11804
event000755.png,1.6386931,-148.21768,-125.68773
event000756.png,3.5384743,-67.39468,720.91254
event000757.png,4.2451553,-224.00005,-693.89844
event000758.png,0.58876,-34.23582,451.8297
event000759.png,2.1859338,-581.20886,-259.66864
event000760.png,4.403452,601.4974,-67.70004
event000761.png,0.9326649,-804.8457,140.78975
event000762.png,0.9560059,-164.01744,-37.682095
event000763.png,2.362589,-509.02484,665.2002
event000764.png,4.3412776,305.68195,-936.4363
event000765.png,3.7654693,-412.01752,-163.3739
event000766.png,1.9390621,359.537,-687.9781
event000767.png,2.797439,29.429838,-74.91443
event000768.png,0.9645005,-956.1197,633.6527
event000769.png,2.397074,-464.94907,545.14685
event000770.png,1.4072882,-360.90536,302.81277
event000771.png,4.8339553,-152.07704,-268.79083
event000772.png,5.0808363,-506.65692,-193.96742
event000773.png,0.8426138,-222.88824,-984.798
event000774.png,4.3179374,-141.68419,74.588776
event000775.png,5.418548,-637.3446,60.68922
event000776.png,3.5405793,375.7739,-324.25754
event000777.png,3.3681896,-366.70538,81.871826
event000778.png,4.21624,-162.94824,-571.8919
event000779.png,5.4084935,-609.4654,-76.079185
event000780.png,5.5394454,337.9606,-58.03016
event000781.png,3.0932703,-89.12933,-114.53114
event000782.png,3.448555,-401.6922,191.46825
event000783.png,1.6071607,-216.3525,597.5143
event000784.png,1.4257945,217.02144,60.69479
event000785.png,2.8531134,541.51056,-530.92206
event000786.png,5.5004034,-644.76636,83.0381
event000787.png,2.4583173,-401.42215,-901.68744
event000788.png,2.668544,-11.828469,-740.03253
event000789.png,3.9440577,246.41994,42.80689
event000790.png,2.3629518,-411.6125,-380.30817
event000791.png,6.8774824,-637.1501,460.39746
event000792.png,4.5348606,150.964,-17.712515
event000793.png,2.480034,-393.21835,564.0676
event000794.png,3.030253,-774.417,103.050514
event000795.png,3.010707,-925.23706,450.8662
event000796.png,2.7226048,-247.46771,-58.942917
event000797.png,5.905677,-26.297503,999.5054
event000798.png,3.5062745,530.16156,-734.03143
event000799.png,2.437234,70.63373,-478.43262
event000800.png,3.017983,520.6968,-224.37442
event000801.png,5.6711526,-345.05536,508.17426
event000802.png,4.8284082,37.583508,184.81387
event000803.png,3.9503233,-574.3509,-401.70093
event000804.png,2.7405198,811.54767,-402.33258
event000805.png,1.1788899,157.83202,656.5368
event000806.png,4.153984,-162.47502,219.3078
event000807.png,2.806508,-217.79376,280.4369
event000808.png,4.361606,396.00162,533.2924
event000809.png,5.1384273,598.37537,823.6984
event000810.png,3.576011,-672.4098,-222.64359
event000811.png,3.4694982,-165.47655,217.74031
event000812.png,5.5277267,765.47894,-549.7512
event000813.png,1.1557589,491.09964,-360.9773
event000814.png,3.644553,-111.114494,-22.295452
event000815.png,0.97600454,-497.34497,-20.564646
event000816.png,6.7603555,457.56226,278.57397
event000817.png,4.071869,583.8044,-53.096016
event000818.png,2.403789,-313.6123,-313.65518
event000819.png,5.0047994,-238.67468,-332.83716
event000820.png,0.55143833,667.7519,671.3767
event000821.png,2.2245429,-824.7874,227.91354
event000822.png,1.3189294,386.93112,-143.72102
event000823.png,0.96742135,-353.30496,342.16797
event000824.png,5.140672,-204.59145,594.4775
event000825.png,2.679458,-692.1079,-600.4834
event000826.png,3.8086119,27.757967,1000.1122
event000827.png,1.1604023,-130.0485,-366.26834
event000828.png,3.1178071,-265.77267,-834.8046
event000829.png,2.0845766,-274.51987,-102.57676
event000830.png,1.8598266,657.4668,259.62473
event000831.png,4.160141,-530.7297,-427.16577
event000832.png,5.198694,51.75717,407.11533
event000833.png,3.0482907,39.082287,447.5942
event000834.png,2.9947033,398.93317,423.21262
event000835.png,4.359936,380.15204,-179.76706
event000836.png,3.0772326,89.77071,-289.2389
event000837.png,7.0507197,280.90298,-875.6249
event000838.png,0.69880086,-197.41533,671.291
event000839.png,3.8894336,-452.21994,656.0855
event000840.png,4.6730247,-137.42448,-65.73436
event000841.png,4.3210626,588.2256,-18.057194
event000842.png,2.0642092,-397.6542,74.55622
event000843.png,2.1889567,682.4575,498.24304
event000844.png,3.578253,808.05164,-422.67313
event000845.png,0.6855711,-932.12573,414.8433
event000846.png,4.7274165,524.9139,120.902916
event000847.png,1.5161883,-226.21445,235.1363
event000848.png,3.672812,-207.6111,-684.0652
event000849.png,1.3970433,11.146361,222.08562
event000850.png,4.778207,404.2463,-458.15924
event000851.png,3.9170368,-600.1427,-59.630608
event000852.png,4.8562865,-167.44583,518.48083
event000853.png,4.227937,381.1086,-695.24493
event000854.png,1.5846978,387.8504,-410.19504
event000855.png,6.4135685,352.29297,92.81223
event000856.png,2.2812936,358.63675,232.81139
event000857.png,2.743568,182.73766,-963.4138
event000858.png,2.9549315,871.0541,-811.5643
event000859.png,5.09901,216.64993,-366.9723
event000860.png,3.8411996,68.29541,-253.69695
event000861.png,1.838551,753.8497,-77.73179
event000862.png,5.9301176,-510.52002,-220.67053
event000863.png,2.16559,912.3297,803.1884
event000864.png,1.4508795,-495.51645,-583.25385
event000865.png,5.6757894,176.17274,-195.64732
event000866.png,7.517354,550.87274,757.9703
event000867.png,2.29857,-187.17604,-838.80286
event000868.png,3.5974553,563.09827,858.56274
event000869.png,6.475015,114.68002,-377.61862
event000870.png,4.41497,842.9748,-5.115535
event000871.png,3.501893,699.93835,-72.4453
event000872.png,5.8662944,807.0295,467.70374
event000873.png,7.1576896,926.96375,-52.866142
event000874.png,3.0505853,-461.97714,-951.0526
event000875.png,1.0693914,-141.24733,169.71326
event000876.png,1.0580337,157.05556,-429.77475
event000877.png,1.9774098,17.177942,-69.6482
event000878.png,2.8304787,514.0612,-598.0097
event000879.png,1.8089951,802.91016,-563.1197
event000880.png,2.7987816,56.06636,-381.7166
event000881.png,4.2785797,-272.98224,367.1891
event000882.png,2.159227,191.10806,-198.78171
event000883.png,3.1312366,111.68103,534.41046
event000884.png,3.3036258,188.45428,-71.85632
event000885.png,3.6423213,558.5725,849.7754
event000886.png,0.69899553,-482.42862,299.88962
event000887.png,2.8674803,-632.1021,147.35849
event000888.png,4.4903116,361.40073,-18.870134
event000889.png,3.6242247,197.52353,-445.2413
event000890.png,1.1473603,-114.99628,-769.18713
event000891.png,2.4370131,849.99554,-696.2623
event000892.png,4.2469335,-171.09605,-446.2739
event000893.png,1.3604193,-587.364,-703.84705
event000894.png,3.4367058,-66.48107,-164.328
event000895.png,5.180399,-88.5067,135.33443
event000896.png,1.4015981,-67.8434,217.12721
event000897.png,5.5913835,301.61523,88.832306
event000898.png,5.94922,-535.5051,474.48108
event000899.png,4.0267735,-847.11975,401.219
event000900.png,7.11812,-53.928017,220.92393
event000901.png,2.4530158,450.0283,-487.37518
event000902.png,2.8238502,-63.535545,513.764
event000903.png,3.238368,225.87675,442.33667
event000904.png,3.472646,-842.9513,-439.21814
event000905.png,4.778826,-68.82647,-472.0425
event000906.png,5.8164725,-286.589,-29.519344
event000907.png,2.4751565,754.4269,1019.9114
event000908.png,2.530489,-221.54323,323.2956
event000909.png,3.4932384,620.52527,-639.1689
event000910.png,2.6695364,-62.58747,236.3658
event000911.png,0.7898701,334.63898,-347.92905
event000912.png,0.9849214,375.27222,243.73073
event000913.png,3.9600198,929.9118,166.55156
event000914.png,1.3446438,279.60324,209.71365
event000915.png,3.957484,324.41257,-222.37045
event000916.png,5.5172048,-144.31213,-31.3445
event000917.png,4.5599318,178.27423,-606.5771
event000918.png,1.5021889,822.1176,-681.0061
event000919.png,6.1782875,589.90686,661.0587
event000920.png,1.3807707,149.2166,639.1526
event000921.png,2.863151,136.94122,78.6946
event000922.png,3.1592674,-289.62866,-445.56207
event000923.png,2.9610078,-494.81274,-524.75696
event000924.png,4.0893235,-23.494759,-47.37407
event000925.png,2.5287752,350.15048,-286.48984
event000926.png,7.163603,328.35406,294.6104
event000927.png,1.7598239,164.95493,408.85745
event000928.png,3.2957056,254.31763,780.23193
event000929.png,2.1014686,223.47394,-277.256
event000930.png,2.6817498,-637.8878,-624.55884
event000931.png,3.2005959,614.9561,420.8144
event000932.png,3.718528,196.38911,-704.10315
event000933.png,2.6990726,-418.88254,157.72743
event000934.png,3.3746758,275.7117,-217.82367
event000935.png,3.7446282,146.8505,90.160934
event000936.png,0.66061825,-236.32545,305.19495
event000937.png,1.3674564,-524.32025,-253.46695
event000938.png,1.761373,430.04242,348.94986
event000939.png,0.77655756,-28.587486,87.55904
event000940.png,1.4674832,-598.9642,-407.01437
event000941.png,4.1884007,-237.9555,250.67548
event000942.png,2.454,581.2478,453.5151
event000943.png,5.992011,-753.62415,-19.866596
event000944.png,3.8897254,-115.62141,-191.22047
event000945.png,4.178933,205.39925,-712.21216
event000946.png,3.597073,105.85901,305.63956
event000947.png,5.6970716,477.9125,515.751
event000948.png,3.492753,65.629074,-289.3329
event000949.png,4.06972,-138.76123,-453.3975
event000950.png,1.8877535,-135.73758,501.5722
event000951.png,4.8404655,-342.70798,-475.79977
event000952.png,2.9345014,-67.29118,-965.00165
event000953.png,1.3704103,693.356,502.59467
event000954.png,5.916416,-114.24031,755.125
event000955.png,2.0374618,693.9445,945.95465
event000956.png,3.1997015,-96.064476,-162.30316
event000957.png,6.4117136,191.60562,85.02713
event000958.png,2.5591424,255.14313,569.481
event000959.png,4.4002695,-117.228065,-251.73637
event000960.png,2.965706,224.46637,-608.39044
event000961.png,5.77384,70.961784,-798.6635
event000962.png,0.982998,-410.5185,21.707766
event000963.png,0.93978095,446.13754,1026.5298
event000964.png,3.42688,20.480858,-356.8128
event000965.png,4.138681,-512.066,-760.0762
event000966.png,3.6738405,-222.11842,403.5324
event000967.png,3.6547656,-292.01694,-48.090027
event000968.png,4.017393,-266.37378,-228.92729
event000969.png,5.040045,454.5292,-332.52628
event000970.png,4.0534077,255.4814,148.85535
event000971.png,5.0033007,-556.08624,708.55
event000972.png,2.5509844,-421.68427,-865.2557
event000973.png,4.465066,763.98145,-540.59296
event000974.png,0.57570785,-574.2637,107.17105
event000975.png,2.1833203,276.09686,375.36026
event000976.png,3.173918,-933.8188,117.62891
event000977.png,2.92913,-290.46292,-343.1287
event000978.png,5.530223,-508.80038,552.4221
event000979.png,3.7240121,-839.1854,42.020134
event000980.png,4.216616,829.56757,489.32468
event000981.png,5.4080777,685.51886,111.72503
event000982.png,3.6709306,-518.72015,-176.62936
event000983.png,2.17089,244.60675,4.0818257
event000984.png,4.0993457,831.38605,-992.0247
event000985.png,3.4591713,-274.46814,219.8587
event000986.png,4.746859,-782.8741,39.85209
event000987.png,2.4667687,-125.79826,-682.14166
event000988.png,2.8261874,659.1246,-44.72347
event000989.png,3.3300178,703.5896,-100.10867
event000990.png,4.5051165,-782.35095,-135.08223
event000991.png,1.1280054,-131.1313,-541.43335
event000992.png,1.298678,-625.54333,-111.408936
event000993.png,7.4129877,-198.1622,-218.53877
event000994.png,5.2322044,-520.48346,-876.3185
event000995.png,3.8424146,932.00104,-568.87915
event000996.png,6.6623373,360.6918,-960.5431
event000997.png,6.3510275,379.63684,723.63885
event000998.png,5.914825,-229.07439,148.48622
event000999.png,4.634685,-123.591354,87.15134
event001000.png,2.4294252,156.15112,-73.19919
event001001.png,4.9672046,13.536072,277.8916
event001002.png,2.8656075,-77.2664,-793.8391
event001003.png,2.76997,-444.15518,-430.64874
event001004.png,1.9727986,786.83484,-259.61435
event001005.png,3.4171367,-300.762,196.01025
event001006.png,1.5445759,-331.03696,-579.42017
event001007.png,6.9018326,408.90173,-221.82515
event001008.png,0.6745682,-271.39206,-31.234615
event001009.png,3.4560246,168.54852,-1003.1298
event001010.png,6.1406503,17.80089,406.19382
event001011.png,3.342801,-703.3452,435.83347
event001012.png,4.140041,42.599033,-917.42896
event001013.png,3.7619214,221.93602,-458.369
event001014.png,3.6056838,-232.22084,766.65466
event001015.png,3.6660895,-141.52611,-226.27347
event001016.png,3.5300558,261.63577,576.2345
event001017.png,1.9517239,-21.91789,848.1082
event001018.png,2.904536,145.30984,29.138931
event001019.png,4.6445045,747.1926,-484.12988
event001020.png,1.9388204,330.06793,916.3191
event001021.png,2.5186734,500.85834,-346.5992
event001022.png,2.357218,-939.70996,-301.3478
event001023.png,2.5044715,379.02216,555.4313
event001024.png,4.516258,-203.62158,-31.87337
event001025.png,3.519396,564.15283,215.50462
event001026.png,3.9041247,531.06415,667.73676
event001027.png,1.1105616,-429.43793,261.97806
event001028.png,3.5967376,10.633565,-518.89404
event001029.png,0.76093656,-449.081,220.0014
event001030.png,5.313522,42.11833,-391.24866
event001031.png,4.9114895,286.659,-328.4189
event001032.png,3.109556,543.6396,-282.64648
event001033.png,3.2756336,-302.47128,226.56685
event001034.png,5.603875,975.61584,-333.9844
event001035.png,3.018191,-746.4723,47.344093
event001036.png,5.479473,-451.62326,-485.52332
event001037.png,4.302068,324.172,473.23624
event001038.png,3.6076097,-484.50696,-394.3162
event001039.png,3.4465556,-571.07336,-210.4808
event001040.png,2.0392876,-793.5043,495.20358
event001041.png,3.0430477,-190.41011,138.66301
event001042.png,5.222088,512.23804,-792.8095
event001043.png,3.2862308,-21.82989,192.7758
event001044.png,2.3720663,-611.9088,-81.30516
event001045.png,2.2894733,599.2048,-325.84143
event001046.png,4.03126,-461.0537,534.01587
event001047.png,2.073181,205.53304,-243.04414
event001048.png,1.4746264,-544.94775,155.7612
event001049.png,1.9130827,-60.862038,183.67836
event001050.png,7.620844,-821.8849,-291.5862
event001051.png,3.151821,-772.8199,-460.42188
event001052.png,1.679511,-143.8602,-178.21313
event001053.png,2.841877,14.13774,-289.10892
event001054.png,0.69002813,-12.901016,-893.0224
event001055.png,3.5194852,-227.71165,-568.50305
event001056.png,5.355169,-573.72595,196.29315
event001057.png,2.2839317,-546.0474,-40.945446
event001058.png,2.2183144,137.2324,-268.55774
event001059.png,2.6831317,-842.82275,128.52663
event001060.png,5.048166,-464.8071,-67.974686
event001061.png,2.6309636,-78.91523,736.372
event001062.png,1.2112927,-417.022,990.69305
event001063.png,2.3452163,110.442184,-459.08798
event001064.png,4.01369,218.13559,215.72723
event001065.png,0.807482,889.4012,-322.04977
event001066.png,2.3544898,101.93323,942.8032
event001067.png,3.726989,408.69803,37.450764
event001068.png,1.7168949,-772.6312,811.28986
event001069.png,2.7854016,-497.80472,253.46547
event001070.png,3.1787207,-502.89954,-173.74408
event001071.png,3.7995822,215.91338,-646.5969
event001072.png,3.515879,93.040825,27.437418
event001073.png,2.2260287,650.40796,331.74023
event001074.png,0.7566101,-294.9973,663.3807
event001075.png,2.2903047,-739.3467,-433.2943
event001076.png,5.0194817,31.373907,-350.65552
event001077.png,7.015787,-85.716774,204.77385
event001078.png,2.6451457,696.3946,-456.27307
event001079.png,2.3088913,-124.411385,12.676531
event001080.png,4.4728174,-344.21994,-440.20416
event001081.png,2.542976,328.60587,666.0105
event001082.png,5.285201,-186.64487,983.89545
event001083.png,2.969574,837.10236,599.72455
event001084.png,0.5145472,172.9202,-185.74934
event001085.png,1.985526,-276.95395,-242.0307
event001086.png,5.967255,-372.7577,-235.62903
event001087.png,7.819083,-603.1413,-335.47928
event001088.png,1.6138061,65.959045,819.4286
event001089.png,2.6466303,-275.80402,-937.02454
event001090.png,4.2990975,171.03285,-154.11665
event001091.png,1.7996676,390.14636,559.3229
event001092.png,4.975386,388.42758,-145.70923
event001093.png,5.6714664,327.8257,90.90082
event001094.png,5.3831224,374.27982,-536.3673
event001095.png,6.424668,538.7769,-432.6578
event001096.png,2.1790698,-747.0378,670.11847
event001097.png,5.700375,338.81854,814.73816
event001098.png,3.365802,-287.8185,-169.81708
event001099.png,2.181232,-179.34273,670.65356
event001100.png,3.6838653,-676.6064,847.7683
event001101.png,1.3223922,-325.98553,-657.4942
event001102.png,3.9839153,-417.99054,304.36948
event001103.png,4.988611,-109.9496,-70.02268
event001104.png,2.179408,518.8468,-546.9339
event001105.png,1.4794722,684.3268,-455.63275
event001106.png,0.8829664,617.4742,-104.31326
event001107.png,1.9563365,-440.2323,416.83557
event001108.png,1.4208949,-501.1077,40.342556
event001109.png,0.714999,-158.35161,818.0469
event001110.png,3.7249014,-735.25433,55.12549
event001111.png,5.209474,576.5326,720.86127
event001112.png,5.0012336,-426.9811,-356.999
event001113.png,5.351532,-81.70963,-332.8067
event001114.png,1.1119466,151.7714,-140.39668
event001115.png,4.4376235,-346.10437,-125.638985
event001116.png,0.96410334,259.92148,77.68119
event001117.png,2.4259982,121.86983,420.2728
event001118.png,3.4328847,231.86955,120.77127
event001119.png,0.6753162,-912.4379,4.1511965
event001120.png,2.781017,706.9208,277.279
event001121.png,5.0856147,-318.21503,-253.31667
event001122.png,0.8566261,221.71983,-184.90128
event001123.png,1.3598739,-111.37831,-890.1746
event001124.png,2.938455,-657.19275,711.1633
event001125.png,1.6902643,401.42603,413.49484
event001126.png,3.0340805,-206.51094,649.4626
event001127.png,1.7964925,-778.24286,-159.77927
event001128.png,3.4408271,-885.88574,168.27179
event001129.png,1.8622812,-581.4152,-81.292114
event001130.png,5.6102324,275.62845,417.71063
event001131.png,2.8698325,458.11475,453.0418
event001132.png,2.6415992,216.38707,39.292324
event001133.png,1.8079079,-129.28447,252.466
event001134.png,2.0458,-124.86139,403.94553
event001135.png,3.775826,58.962364,-9.317819
event001136.png,5.210945,538.21857,-393.92163
event001137.png,1.9734191,637.6018,-580.50934
event001138.png,1.1818272,396.0796,750.25323
event001139.png,2.3663445,17.89481,-697.4637
event001140.png,3.9884822,-318.52298,479.22803
event001141.png,4.421638,-414.46313,-376.99454
event001142.png,5.3999805,45.69159,-119.94738
event001143.png,1.5726309,-925.62115,349.50708
event001144.png,1.613705,-725.7252,634.6347
event001145.png,4.965469,-78.67475,94.99033
event001146.png,4.3785167,38.042732,-540.1371
event001147.png,5.372985,-140.04808,-542.678
event001148.png,3.413266,203.15872,69.73983
event001149.png,0.6185524,-209.57088,420.1718
event001150.png,1.7097687,-372.19897,-10.910004
event001151.png,2.4211872,-82.18139,-301.9212
event001152.png,2.947612,602.2816,182.63316
event001153.png,1.5952322,-144.21397,23.667757
event001154.png,4.364559,422.53326,-393.13525
event001155.png,2.7286577,-388.8775,-253.58131
event001156.png,5.5774336,-446.79953,561.88025
event001157.png,2.3660626,-329.0683,-520.2743
event001158.png,1.0039859,365.5852,-900.3689
event001159.png,1.4685796,14.839171,728.3286
event001160.png,3.120644,-81.22974,183.15163
event001161.png,1.7695827,-216.47423,226.3855
event001162.png,4.219659,-550.80646,560.69977
event001163.png,2.0353942,256.57635,-346.4068
event001164.png,2.2940404,-429.22562,916.81726
event001165.png,3.8534107,-429.0099,455.31522
event001166.png,4.780142,559.88104,550.73584
event001167.png,1.5744283,-315.5448,857.81445
event001168.png,4.1185627,448.55618,-292.52365
event001169.png,5.81386,161.43948,-776.7611
event001170.png,2.1500356,678.72705,653.24207
event001171.png,5.2785497,359.8664,43.40514
event001172.png,3.7756557,157.7346,30.267048
event001173.png,2.536595,303.86246,809.62396
event001174.png,2.5081997,602.9285,219.14642
event001175.png,6.108257,94.69858,-136.74182
event001176.png,3.6041396,219.44215,-228.50911
event001177.png,4.376266,-253.59807,-493.54004
event001178.png,5.850474,27.33833,-108.73387
event001179.png,2.6933084,-125.162735,-391.9698
event001180.png,3.743714,-25.044872,-441.31204
event001181.png,2.3240495,-108.42398,-234.74745
event001182.png,3.9712684,-262.81546,581.0637
event001183.png,1.5503259,-173.09666,159.26527
event001184.png,1.0561984,-14.297401,416.60843
event001185.png,4.116767,-502.59335,-359.01834
event001186.png,3.8337555,-87.2596,142.64288
event001187.png,4.768963,-4.3556795,-290.37955
event001188.png,2.003045,-16.206255,-31.998669
event001189.png,2.4870133,-31.99304,-789.8721
event001190.png,1.0129452,-612.38525,-841.2388
event001191.png,0.74870956,-557.2752,238.92847
event001192.png,2.0099216,343.2126,-338.97504
event001193.png,3.4640245,-137.79013,574.4229
event001194.png,3.316224,155.22168,-825.2471
event001195.png,2.628476,9.113316,-384.1549
event001196.png,2.2015903,248.13359,-567.45166
event001197.png,2.1645646,-387.942,-643.683
event001198.png,1.5282398,-694.813,-919.30383
event001199.png,4.3184457,121.30941,-200.34978
event001200.png,4.949478,-288.84525,-314.53287
event001201.png,3.012855,-498.9553,-5.121956
event001202.png,3.9834538,-628.20667,-302.3982
event001203.png,1.9843112,-347.6294,-268.16257
event001204.png,2.9216955,31.927982,-211.11497
event001205.png,4.3680334,-209.4407,-136.57088
event001206.png,2.9996984,172.79901,427.72128
event001207.png,5.6216435,695.3269,-349.21112
event001208.png,4.1801615,358.14166,-737.1559
event001209.png,1.5718051,331.20386,361.6387
event001210.png,3.20567,-931.52527,-153.54613
event001211.png,2.0577667,849.8017,-480.04968
event001212.png,2.5373733,227.85068,-18.968298
event001213.png,0.6945473,-294.63043,-137.86865
event001214.png,3.5962152,568.0795,169.03539
event001215.png,1.8019623,386.4668,302.77777
event001216.png,1.9978701,-133.32213,60.63564
event001217.png,3.3547971,-503.8986,-306.75177
event001218.png,0.6401695,-147.72137,-912.0372
event001219.png,4.6517863,-561.05206,438.938
event001220.png,2.3698773,622.5257,984.76996
event001221.png,1.1789275,6.533351,661.001
event001222.png,1.202299,270.21878,698.0312
event001223.png,0.98108864,303.7158,-319.3704
event001224.png,6.3200903,508.8888,84.41566
event001225.png,1.8969253,324.82513,-82.720085
event001226.png,2.611613,292.76486,-281.45947
event001227.png,6.4936433,-625.95233,-991.85785
event001228.png,5.0315695,-149.97676,-786.9222
event001229.png,2.3817518,-249.8529,-116.459885
event001230.png,5.232963,26.600647,440.06888
event001231.png,3.1598651,399.47787,334.1573
event001232.png,3.4947405,-83.48974,595.48553
event001233.png,6.9045806,915.8394,-199.90364
event001234.png,2.9555757,-157.91118,502.2465
event001235.png,4.6701784,380.06918,664.64575
event001236.png,4.0135975,-376.45938,114.2558
event001237.png,3.9104607,16.870352,134.59679
event001238.png,3.666004,-581.5295,-858.62756
event001239.png,2.6878371,-170.0882,-501.01242
event001240.png,4.441968,-38.09612,-251.29456
event001241.png,3.8129857,30.562616,-502.61993
event001242.png,1.3738649,-68.5735,-774.2571
event001243.png,4.0435033,425.7678,-799.7868
event001244.png,3.142286,-16.266222,-260.09866
event001245.png,1.3958967,-32.302856,-312.28952
event001246.png,4.008461,731.7126,384.28894
event001247.png,3.5674357,-332.50528,-584.2536
event001248.png,6.190472,-701.1971,93.3164
event001249.png,2.2340865,-743.7049,540.6846
event001250.png,2.5747545,-718.2118,-36.05217
event001251.png,4.868401,-6.7806177,984.11426
event001252.png,2.555518,-98.21489,303.19458
event001253.png,3.6653087,-225.04326,283.6638
event001254.png,4.488831,-105.05861,-222.54509
event001255.png,2.4948967,958.76184,-331.79898
event001256.png,0.9454241,384.22,-79.165665
event001257.png,6.917299,438.23206,-109.746284
event001258.png,4.643709,208.64221,-387.59943
event001259.png,1.3233439,610.8001,-381.76285
event001260.png,2.8052442,-521.4392,-875.0871
event001261.png,2.968208,-250.07811,-933.92004
event001262.png,3.6605828,-184.34038,67.22263
event001263.png,5.737617,-278.61072,-402.54028
event001264.png,7.665192,-532.1014,442.19482
event001265.png,1.5136181,-50.019054,-407.3885
event001266.png,4.2594213,-774.8057,-186.94167
event001267.png,5.04282,-681.12933,-711.6809
event001268.png,6.8235617,-924.7464,601.07263
event001269.png,3.3711643,-177.64893,-464.4786
event001270.png,1.857517,122.427216,-695.7053
event001271.png,4.9809813,-873.3875,22.177967
event001272.png,4.6101265,71.49168,-189.31342
event001273.png,1.7207605,72.914795,-190.72546
event001274.png,1.9171863,149.29622,-584.0075
event001275.png,7.2367363,-160.4991,448.16
event001276.png,1.4289069,491.09183,460.16254
event001277.png,5.5155077,737.1205,667.63806
event001278.png,1.9489223,-120.0427,-768.8329
event001279.png,2.0369565,564.2349,50.247776
event001280.png,3.3820212,-393.7056,-216.67152
event001281.png,6.589916,645.0732,150.16475
event001282.png,4.3608394,330.13705,272.10086
event001283.png,4.647791,-320.0441,-390.16275
event001284.png,3.9462032,285.79904,-177.89503
event001285.png,4.5668707,323.3021,-435.40158
event001286.png,1.7129829,519.0485,-342.76718
event001287.png,0.9500831,-352.22644,-191.84003
event001288.png,7.0313087,-546.6723,642.6861
event001289.png,6.2683945,0.5904131,654.3518
event001290.png,1.163479,580.6808,-223.99138
event001291.png,2.5819552,-667.1307,-136.62808
event001292.png,1.1283883,574.7322,152.5684
event001293.png,1.2510248,950.0747,119.11454
event001294.png,1.0266593,787.86066,-451.97467
event001295.png,1.7045286,677.5367,-420.06577
event001296.png,5.809284,201.62076,210.19199
event001297.png,1.2712084,229.12921,-181.44893
event001298.png,5.2863483,574.29565,721.2878
event001299.png,2.8309994,213.2653,313.84344
event001300.png,4.846715,-529.8665,821.07886
event001301.png,3.5651178,-207.5094,-580.8166
event001302.png,7.612762,-576.39886,855.13776
event001303.png,0.9802555,156.22324,-478.98767
event001304.png,3.9161012,-444.0659,-24.760134
event001305.png,6.4939256,341.08728,-114.076355
event001306.png,2.8465354,211.79019,910.96826
event001307.png,2.4746766,595.00775,-694.4667
event001308.png,5.294066,-191.42397,504.8069
event001309.png,4.9216375,-305.7321,-522.41455
event001310.png,3.361429,147.58987,274.37418
event001311.png,5.268077,-445.43912,278.66498
event001312.png,5.5728235,-383.08517,-37.862812
event001313.png,1.9704404,-3.570302,48.03834
event001314.png,4.8188596,-804.6399,970.64813
event001315.png,1.6533366,-71.90088,-684.7891
event001316.png,7.1711855,-21.630342,-8.696105
event001317.png,2.7403789,745.47565,331.4291
event001318.png,4.23176,-26.267897,-271.05753
event001319.png,0.75917953,-374.82312,-192.16037
event001320.png,3.6866705,204.27502,676.402
event001321.png,5.5430474,-150.1973,-13.200908
event001322.png,5.6497197,-342.96338,-300.7603
event001323.png,3.4024765,-101.78563,73.62429
event001324.png,3.417781,323.89758,-69.70939
event001325.png,5.329507,-706.16656,-780.12506
event001326.png,1.3033867,200.1085,-433.8727
event001327.png,4.4851093,149.26125,448.0942
event001328.png,7.6781926,-676.1263,207.06975
event001329.png,1.5276716,-153.82182,-62.29465
event001330.png,5.544071,-952.7748,317.3315
event001331.png,1.6539277,-899.022,650.88257
event001332.png,1.2020475,-61.616486,234.02548
event001333.png,3.2341993,429.41196,96.680244
event001334.png,4.197893,-656.9933,-441.28137
event001335.png,3.3864808,880.9578,-297.79056
event001336.png,3.186255,-349.2117,-315.84625
event001337.png,5.338155,4.8664236,257.97852
event001338.png,0.58942056,-67.78271,-245.96089
event001339.png,4.705171,-306.16382,-38.60105
event001340.png,1.368846,530.481,-452.98904
event001341.png,4.680333,-360.38135,38.85031
event001342.png,4.4417677,205.94737,613.4214
event001343.png,4.473602,-406.28378,546.50745
event001344.png,4.7648797,-498.99283,354.36188
event001345.png,5.5211325,-498.7636,116.891495
event001346.png,4.036269,952.76294,-14.496493
event001347.png,4.6840415,583.6718,604.53516
event001348.png,0.5153771,-217.47672,-179.40437
event001349.png,1.3368257,587.9073,144.33243
event001350.png,2.4726315,979.2769,44.555195
event001351.png,2.259731,510.77603,143.39154
event001352.png,1.4440078,-390.5946,36.091595
event001353.png,0.58223104,94.2252,18.364946
event001354.png,3.181904,-662.63324,-420.8554
event001355.png,0.6669929,-596.15765,-708.4624
event001356.png,1.327701,293.9291,51.752934
event001357.png,1.8721298,-59.152,1026.2909
event001358.png,2.6643562,-210.68407,176.71317
event001359.png,5.709777,-2.435296,-215.8329
event001360.png,1.3115606,195.96834,-105.101494
event001361.png,5.369595,136.76564,-170.33156
event001362.png,1.6734896,-375.19763,93.338455
event001363.png,3.7123063,-242.34099,-165.24484
event001364.png,2.2954166,981.33954,-730.6436
event001365.png,6.189157,111.697105,-722.13776
event001366.png,2.5134852,504.57434,-744.59717
event001367.png,3.8733163,420.48355,84.866684
event001368.png,4.271877,83.040306,756.094
event001369.png,2.223786,104.73164,96.52022
event001370.png,3.7814686,-93.06661,-789.41254
event001371.png,4.5986276,-339.17484,-213.65375
event001372.png,1.3950981,14.528777,307.0712
event001373.png,3.1404295,159.8507,805.1025
event001374.png,1.1464673,-263.98105,428.53723
event001375.png,2.2298682,27.537233,-78.23062
event001376.png,3.5036135,-486.21524,-839.3622
event001377.png,5.248454,-403.35983,-161.5491
event001378.png,5.879052,-214.29259,-926.6207
event001379.png,4.4058576,135.5947,138.75172
event001380.png,2.3780708,242.96573,329.8596
event001381.png,2.4146454,-360.60696,48.51359
event001382.png,4.531439,-290.6046,316.69226
event001383.png,4.595111,580.88965,238.67525
event001384.png,6.223084,53.498398,47.320248
event001385.png,5.1935883,-239.31299,-415.23636
event001386.png,3.8857007,831.805,-213.68773
event001387.png,5.0437813,798.10486,-284.735
event001388.png,1.4066277,-167.33691,-440.99332
event001389.png,4.2030826,260.9642,69.602394
event001390.png,5.3637567,-626.1827,-360.58392
event001391.png,4.404956,229.54976,237.2006
event001392.png,4.233916,36.825043,-466.6408
event001393.png,5.7553654,466.58145,366.08646
event001394.png,6.0018387,971.74646,87.9285
event001395.png,0.56832325,-169.42957,170.83417
event001396.png,3.1635766,377.0159,221.223
event001397.png,3.270924,357.8693,241.9661
event001398.png,3.2765658,-100.65619,161.00252
event001399.png,4.2894244,160.09322,489.29706
event001400.png,2.3573017,-369.84055,-586.87494
event001401.png,4.704644,-659.199,-439.76523
event001402.png,2.5081887,-448.75388,-290.28586
event001403.png,4.1630745,-687.6422,219.09467
event001404.png,7.487637,560.5409,194.84145
event001405.png,2.6561625,-267.14203,326.65622
event001406.png,5.864562,-76.90802,-254.92378
event001407.png,2.8192904,-189.62544,908.90643
event001408.png,3.3100193,-324.47235,427.99542
event001409.png,4.908815,368.28745,579.2316
event001410.png,2.6887116,-372.71762,350.16827
event001411.png,2.6712697,213.12698,465.71915
event001412.png,2.6738653,-11.203549,-389.99887
event001413.png,3.4627092,-271.8324,160.16823
event001414.png,0.8387153,-36.81405,176.52324
event001415.png,4.618957,323.54474,-295.464
event001416.png,2.3664,-172.7098,460.8833
event001417.png,0.8400957,-323.07452,-539.68335
event001418.png,5.241749,300.08917,441.64044
event001419.png,4.334051,-165.95042,71.001656
event001420.png,2.9136548,-746.03406,-591.3877
event001421.png,3.0354006,180.76598,-608.86707
event001422.png,2.3740551,-249.29669,291.20312
event001423.png,2.5003672,244.30626,-12.466273
event001424.png,3.6387606,-186.25613,-111.87891
event001425.png,4.0927267,-584.0574,243.25638
event001426.png,2.8895652,-281.18555,-300.25717
event001427.png,6.7293057,417.01935,-61.796
event001428.png,2.6969297,628.1783,331.8487
event001429.png,2.9759922,235.76619,71.14405
event001430.png,5.0407763,180.74847,395.64313
event001431.png,4.5066624,139.11147,293.22452
event001432.png,3.8801608,73.214005,686.49945
event001433.png,2.5275292,-700.54474,894.7858
event001434.png,3.3464198,37.89586,676.191
event001435.png,3.5149093,24.188353,357.52536
event001436.png,1.946446,158.26582,257.4476
event001437.png,4.7006803,551.8654,225.51007
event001438.png,4.104866,54.392628,-229.15273
event001439.png,4.6193476,397.9574,-18.003624
event001440.png,1.3093816,134.3514,363.11777
event001441.png,3.1320133,-775.6925,-9.090029
event001442.png,4.6498103,159.71483,-21.156631
event001443.png,6.962306,91.67452,-44.778435
event001444.png,1.5692421,-648.5988,939.4929
event001445.png,3.934582,-889.39636,669.09985
event001446.png,6.4879546,-229.92654,-418.80765
event001447.png,4.5115013,-45.46296,64.68422
event001448.png,3.286234,711.9746,420.0215
event001449.png,3.8831282,568.12555,257.79697
event001450.png,3.853365,-100.72541,-81.06309
event001451.png,3.3768995,-942.9991,779.4619
event001452.png,3.509948,-281.9065,-889.22504
event001453.png,4.0648394,258.65146,-269.76477
event001454.png,3.1911316,-214.53369,726.03394
event001455.png,3.5942116,-275.20764,57.680836
event001456.png,2.153829,-636.28455,-45.880054
event001457.png,4.5292706,-185.9107,-861.3809
event001458.png,2.6544724,-101.1807,101.71852
event001459.png,2.1259007,352.86832,606.32764
event001460.png,1.2116951,-716.5617,579.686
event001461.png,0.5093749,-225.55083,650.2388
event001462.png,6.7468824,-562.1167,-353.43466
event001463.png,3.4641325,861.3806,-408.6717
event001464.png,6.602725,343.95932,452.5066
event001465.png,5.072436,231.25914,134.74945
event001466.png,2.9315393,571.82635,-71.95581
event001467.png,2.0594976,642.9591,-117.37442
event001468.png,4.0933237,-356.6838,168.82877
event001469.png,1.6466271,-743.51624,137.55887
event001470.png,1.5066494,454.7303,348.90753
event001471.png,4.248056,-708.4773,-558.45135
event001472.png,1.3367935,283.28702,53.71492
event001473.png,2.1479516,257.1046,339.71204
event001474.png,3.9440076,-332.49554,-372.547
event001475.png,1.3100803,166.59769,161.09293
event001476.png,2.8368838,-120.37706,-460.02502
event001477.png,6.466696,702.88275,-192.48695
event001478.png,6.1088324,557.46765,22.042706
event001479.png,1.3007988,-496.041,108.07556
event001480.png,3.851145,-117.46366,86.44352
event001481.png,3.665125,227.46587,-912.20404
event001482.png,7.3416767,437.8851,-322.95337
event001483.png,5.8023615,-286.39252,251.39589
event001484.png,2.99834,414.57715,900.67633
event001485.png,6.638858,-359.743,-419.88373
event001486.png,5.050797,79.769295,-953.5111
event001487.png,3.913774,266.84854,396.39838
event001488.png,4.2721663,581.73004,135.4082
event001489.png,4.665833,-648.36957,-195.21162
event001490.png,2.5022194,846.2426,-325.79266
event001491.png,3.753383,80.87837,-849.77435
event001492.png,1.0650837,506.14502,-274.00516
event001493.png,3.6178272,-375.15128,777.63403
event001494.png,1.8026578,-819.86725,318.36285
event001495.png,2.9749596,266.30786,-416.53345
event001496.png,3.696386,-546.3934,54.585476
event001497.png,1.1518744,-16.760601,-511.46255
event001498.png,4.3805203,3.8146267,318.41406
event001499.png,0.91313046,436.9706,-698.942
event001500.png,2.8300543,312.40128,352.50354
event001501.png,3.721162,480.28766,353.4484
event001502.png,0.6599366,584.83154,-245.83562
event001503.png,3.8249538,-817.177,388.4932
event001504.png,1.4190302,-228.61435,579.0083
event001505.png,2.395507,254.51782,-713.6013
event001506.png,4.7613015,587.0223,-178.0168
event001507.png,0.73348045,836.05493,-322.91476
event001508.png,2.0904558,-29.26546,-229.68317
event001509.png,3.014992,479.55527,-342.1262
event001510.png,3.8621645,-354.0423,-314.96423
event001511.png,4.784472,-538.1969,-108.04984
event001512.png,2.2145934,499.216,-29.324371
event001513.png,2.7117963,-737.6827,-351.31335
event001514.png,3.129515,167.91064,-669.4123
event001515.png,4.0379825,-238.84827,431.40637
event001516.png,3.5326455,-704.71014,-605.96564
event001517.png,3.0361884,263.51123,145.72754
event001518.png,7.2521863,-510.23035,-3.1904526
event001519.png,3.0593336,354.3434,105.096176
event001520.png,3.02975,530.27905,-140.16478
event001521.png,5.4659686,-272.30466,883.3791
event001522.png,3.4290113,319.94003,-241.72891
event001523.png,0.67775476,-307.83197,-895.4162
event001524.png,5.3087034,-762.42535,-96.09541
event001525.png,3.5454512,229.07451,-1000.5911
event001526.png,4.0862193,173.69359,142.91328
event001527.png,6.280473,664.0993,-248.65529
event001528.png,3.069795,467.1755,-242.23676
event001529.png,0.8688446,76.74308,-494.6403
event001530.png,4.6761794,-232.27402,-275.6122
event001531.png,3.6253521,-518.8252,791.9226
event001532.png,3.899148,155.68129,689.5951
event001533.png,3.518048,546.3282,98.75984
event001534.png,3.869463,210.43333,344.0789
event001535.png,5.1685905,27.817144,-313.28268
event001536.png,4.62697,274.44843,-135.94044
event001537.png,4.428295,410.69116,47.88522
event001538.png,5.6651344,281.45386,8.666917
event001539.png,2.437278,-414.564,239.30518
event001540.png,4.3225574,656.1981,119.65369
event001541.png,5.3471994,447.22147,-816.43677
event001542.png,3.0831954,138.37346,795.4457
event001543.png,2.456547,-382.02975,-537.93823
event001544.png,6.203167,-197.1915,927.5487
event001545.png,1.9516423,14.229358,-404.41058
event001546.png,3.2180443,-246.81718,-892.8677
event001547.png,2.686975,220.08852,-126.1859
event001548.png,4.296043,876.4133,-893.73096
event001549.png,4.908981,412.58026,524.5388
event001550.png,3.9240892,240.23996,-15.25903
event001551.png,4.9874897,118.80294,698.8084
event001552.png,5.4832697,681.3346,-989.70874
event001553.png,3.7361624,-807.8834,-137.77289
event001554.png,2.33989,43.315506,156.20493
event001555.png,4.500114,564.21893,599.51715
event001556.png,0.66357845,388.50232,-635.25543
event001557.png,2.9774146,244.78667,-280.2463
event001558.png,4.390331,-392.8264,-217.14227
event001559.png,1.1094266,-574.72327,644.07153
event001560.png,4.1419444,-297.80234,-3.2768998
event001561.png,2.7207615,87.42102,162.2345
event001562.png,1.9197834,-28.71712,189.7766
event001563.png,2.5107324,674.92096,39.474068
event001564.png,3.302168,300.2483,-164.02402
event001565.png,3.169229,-206.39845,220.02057
event001566.png,1.7334484,-126.09989,-243.32217
event001567.png,4.6929545,30.31443,89.59245
event001568.png,4.1689334,350.289,326.719
event001569.png,1.4989105,452.98532,-185.66234
event001570.png,1.5330083,311.4505,-327.73706
event001571.png,5.3119626,-11.287442,397.959
event001572.png,2.4290404,566.26685,-84.70188
event001573.png,1.7291313,397.51968,-299.10938
event001574.png,2.5020876,-745.6388,16.338642
event001575.png,1.0197052,-185.73978,287.32053
event001576.png,4.0179043,662.7048,242.67079
event001577.png,2.406166,-790.8598,-124.42894
event001578.png,3.922741,-318.0574,208.50122
event001579.png,1.5547448,728.62103,-387.64658
event001580.png,6.213116,-468.97125,186.4934
event001581.png,4.13314,183.05725,-330.24423
event001582.png,4.3638163,477.95615,481.90665
event001583.png,4.8826795,294.40848,323.83472
event001584.png,4.650253,-151.5103,-626.5846
event001585.png,4.182857,582.47235,-818.5774
event001586.png,3.126485,132.62474,286.34998
event001587.png,1.9106525,718.6643,550.1801
event001588.png,5.6730127,-574.55206,-889.0512
event001589.png,1.4948856,-806.589,510.02765
event001590.png,2.489485,-305.49564,-304.519
event001591.png,1.0231785,-78.45955,434.49548
event001592.png,3.8973777,233.284,85.083176
event001593.png,2.568329,376.03345,98.68217
event001594.png,2.584386,476.77783,537.63574
event001595.png,1.7774456,496.09286,291.20203
event001596.png,4.2300005,-231.77333,-146.22578
event001597.png,2.4174619,-750.03534,487.9893
event001598.png,1.3923477,-99.94713,-180.80765
event001599.png,3.4912157,-575.6248,419.42075
event001600.png,2.0610015,-206.45935,-381.82883
event001601.png,4.1913357,367.3042,-246.04306
event001602.png,0.8732138,722.84357,-816.91254
event001603.png,6.281168,-686.0059,925.30054
event001604.png,4.857496,337.23184,256.44196
event001605.png,2.0382826,-592.6373,592.94617
event001606.png,1.440746,-535.889,-98.341484
event001607.png,3.830919,-401.42184,529.2709
event001608.png,1.9884953,-714.67944,334.2871
event001609.png,3.6480153,179.29604,-155.62206
event001610.png,7.9097447,304.64496,85.3224
event001611.png,2.160187,533.6494,53.227383
event001612.png,4.030926,0.52915287,-268.38602
event001613.png,4.20342,-236.11285,14.454951
event001614.png,2.7384675,604.9221,492.54492
event001615.png,5.4541106,132.25476,-43.370113
event001616.png,2.3265834,-92.7857,478.3183
event001617.png,2.7339647,345.14688,-203.69649
event001618.png,4.7592177,856.0435,-442.54794
event001619.png,2.0726273,199.54141,-288.8807
event001620.png,5.0600295,-773.86926,133.88434
event001621.png,2.6780832,774.1353,264.75546
event001622.png,4.651676,341.8102,283.5124
event001623.png,2.6938682,-389.07584,312.36264
event001624.png,3.6221528,956.4813,-30.616913
event001625.png,1.2841443,414.53564,301.06293
event001626.png,1.2456914,192.37901,107.496376
event001627.png,2.283292,-608.3786,-195.1701
event001628.png,4.1998415,52.790207,-13.148009
event001629.png,1.9085133,639.6549,32.395588
event001630.png,1.8636465,-385.68704,119.988525
event001631.png,3.1574066,53.36669,-707.2989
event001632.png,7.3473344,-19.655352,-43.406006
event001633.png,3.3900387,-694.4107,-724.1721
event001634.png,1.2005724,-432.45312,32.260418
event001635.png,4.254514,262.49115,349.76212
event001636.png,3.532737,322.46167,-464.21964
event001637.png,4.003827,-195.72076,-525.446
event001638.png,7.2205577,-720.13416,-145.28888
event001639.png,2.1279752,818.5801,917.0393
event001640.png,4.980415,-747.1139,-147.15797
event001641.png,2.6854968,-370.9951,-22.53422
event001642.png,3.272973,-527.35455,509.8945
event001643.png,3.3304074,-678.182,364.52945
event001644.png,4.5889416,31.263302,-418.54736
event001645.png,4.092441,807.7784,577.7748
event001646.png,1.4360259,-635.64594,329.0206
event001647.png,4.757903,183.63702,560.7724
event001648.png,2.4204628,-352.3265,259.23746
event001649.png,3.8005989,848.40704,-89.36011
event001650.png,3.352918,819.30316,-290.09616
event001651.png,2.9267955,-344.2923,-552.43005
event001652.png,2.2120132,590.0918,410.5743
event001653.png,4.423528,271.92093,169.47131
event001654.png,2.7762225,222.51628,790.768
event001655.png,6.9732904,501.9303,942.9424
event001656.png,2.609243,-763.24207,15.948174
event001657.png,2.0870776,451.1473,531.0978
event001658.png,4.987365,-153.9041,320.901
event001659.png,2.8725867,-325.7511,-963.79333
event001660.png,5.336522,-289.10638,84.88401
event001661.png,1.2166007,836.2775,129.3965
event001662.png,0.97931737,-714.86444,-288.133
event001663.png,0.8512065,433.17035,-807.5508
event001664.png,5.3450294,-51.912186,-284.6527
event001665.png,2.8527362,-538.5381,-934.5122
event001666.png,2.478526,-191.3929,-492.84207
event001667.png,3.119455,-153.56326,459.57605
event001668.png,2.7861214,214.45581,-957.14386
event001669.png,3.9143186,164.59698,-526.1983
event001670.png,3.4745798,-310.56558,142.40236
event001671.png,4.708732,71.75432,91.21006
event001672.png,4.1731668,-51.223892,895.1057
event001673.png,0.95511836,-636.7606,-797.1406
event001674.png,3.666975,-422.8958,-786.6904
event001675.png,3.8097813,-194.41078,358.75977
event001676.png,3.7462528,369.49258,-785.3116
event001677.png,0.9446748,232.1157,301.83737
event001678.png,1.210943,22.538555,-449.49686
event001679.png,3.1150982,782.82196,-48.866608
event001680.png,1.5206453,445.05984,57.704514
event001681.png,5.786864,-518.9258,-732.7386
event001682.png,5.309411,-548.6874,799.6927
event001683.png,2.6705246,586.17395,-168.49825
event001684.png,2.7100284,-48.354027,-485.2571
event001685.png,2.3608406,203.3673,-626.1686
event001686.png,4.3765116,106.44677,271.1047
event001687.png,0.60166633,-230.49783,-641.34784
event001688.png,1.0842646,285.7704,-111.59885
event001689.png,1.9129834,922.5481,-862.0029
event001690.png,2.2959151,46.95156,-671.94543
event001691.png,2.3221836,-98.75668,403.36032
event001692.png,2.6038315,-150.97227,153.6602
event001693.png,3.2316134,-74.32328,873.4907
event001694.png,7.2997026,-600.50934,-112.25943
event001695.png,5.0185018,244.7336,459.82382
event001696.png,1.9865845,-591.82605,346.89224
event001697.png,3.6806886,-127.36209,-459.98157
event001698.png,3.2745001,-53.322426,532.9766
event001699.png,3.6321633,25.100662,128.3446
event001700.png,5.5548277,-620.2157,-373.9046
event001701.png,5.7998967,-338.56763,567.1343
event001702.png,3.8325865,462.47406,-85.25481
event001703.png,3.6838372,-189.51506,438.13644
event001704.png,1.8967597,-617.6823,458.14813
event001705.png,1.545073,-71.35552,191.19084
event001706.png,1.2934027,127.717224,1011.25574
event001707.png,4.019331,-205.08061,728.91034
event001708.png,2.4708264,-209.34584,-28.982119
event001709.png,2.0225728,283.529,21.193548
event001710.png,2.3027515,-315.59332,-456.17758
event001711.png,4.075228,-210.46504,-508.1903
event001712.png,2.0791867,476.79953,-428.64984
event001713.png,3.1024468,-36.926994,-158.75914
event001714.png,2.9899576,-791.91284,440.5417
event001715.png,1.8416386,139.7609,-393.54156
event001716.png,1.1574209,689.05334,-564.24475
event001717.png,2.5795524,413.51,-146.74013
event001718.png,2.159423,728.5129,-463.04608
event001719.png,5.383493,-18.970434,52.87634
event001720.png,2.188772,34.741943,-203.72604
event001721.png,4.2789965,-666.6122,285.35046
event001722.png,4.9528594,-366.27573,-24.265207
event001723.png,2.9671116,205.39104,456.3007
event001724.png,6.3420424,79.168076,64.05388
event001725.png,4.445542,-441.8945,-347.07147
event001726.png,4.608856,-675.96735,216.10735
event001727.png,3.0633357,212.60168,763.26685
event001728.png,2.8444684,-480.20126,257.23917
event001729.png,3.2608333,-427.06516,-387.5904
event001730.png,2.916173,34.278004,99.34731
event001731.png,0.6614298,-144.4838,481.6468
event001732.png,3.226265,-805.0502,-306.7429
event001733.png,4.8540993,-400.99942,-298.93658
event001734.png,2.4545395,597.71436,348.01764
event001735.png,3.1888158,196.18568,-49.730408
event001736.png,1.8195747,-350.9334,-261.66174
event001737.png,4.0514503,-100.79849,-906.587
event001738.png,1.0818194,153.69073,-671.05896
event001739.png,6.5671053,-589.6687,-435.99313
event001740.png,3.2531536,446.3752,92.197495
event001741.png,0.659342,555.99615,977.0669
event001742.png,2.2327394,967.8204,-190.83112
event001743.png,3.6637247,416.49948,-199.33981
event001744.png,3.9344301,538.03235,-50.784485
event001745.png,2.4224062,-136.6851,-488.49677
event001746.png,4.4806705,810.8699,-848.8424
event001747.png,2.7237208,182.06535,-180.75719
event001748.png,4.5199046,609.4371,356.9325
event001749.png,2.8315158,547.29443,85.90518
event001750.png,0.9738241,-181.5345,-640.7124
event001751.png,2.739313,-294.91367,183.5694
event001752.png,2.6059766,-713.9784,286.29016
event001753.png,1.3863208,-553.8003,403.97565
event001754.png,2.1761308,-644.0287,-396.26593
event001755.png,1.7834922,199.21864,-200.50186
event001756.png,5.181719,511.7981,-161.19495
event001757.png,5.535405,408.64362,-136.66812
event001758.png,1.6553266,-649.30804,-741.23975
event001759.png,1.1449198,-392.47202,661.36346
event001760.png,1.1322018,-431.74857,-416.7626
event001761.png,1.5303428,-249.9518,-329.23654
event001762.png,3.8396494,349.6336,608.4131
event001763.png,2.1104841,327.24213,-329.49945
event001764.png,1.6675676,-309.65363,-365.47556
event001765.png,2.44773,393.90326,551.3852
event001766.png,4.66851,-457.15222,-505.07388
event001767.png,3.7330828,18.773756,66.441414
event001768.png,0.69720936,-904.3796,-171.59972
event001769.png,2.5666983,-142.22215,-573.2648
event001770.png,3.4869971,-815.5064,219.82315
event001771.png,0.6700616,630.66034,-257.58847
event001772.png,4.033056,328.77954,-71.90592
event001773.png,1.3109543,-111.80037,194.97162
event001774.png,6.0883737,203.70763,-141.41615
event001775.png,3.3942518,-352.36176,-156.65309
event001776.png,5.913069,-364.0804,-451.71063
event001777.png,2.1293814,-940.95544,-43.164204
event001778.png,3.0365582,-580.0901,37.806236
event001779.png,4.006049,5.66518,-566.4568
event001780.png,4.505237,835.13617,-444.17105
event001781.png,4.193674,874.2037,-861.7968
event001782.png,6.96339,89.68368,-257.42657
event001783.png,5.6652393,608.6283,-838.9147
event001784.png,2.2315958,103.49842,434.26147
event001785.png,4.6476054,29.946848,-655.96155
event001786.png,3.1894047,-562.53314,-290.7227
event001787.png,4.216506,784.2479,438.19006
event001788.png,4.8587513,120.655,623.6674
event001789.png,1.5282552,-267.5412,73.538864
event001790.png,1.180026,-32.056984,-537.7743
event001791.png,4.0154862,-65.05965,-12.960675
event001792.png,0.90761465,-661.8447,-29.028675
event001793.png,3.5363755,-737.9803,-277.7475
event001794.png,4.293902,-663.72595,404.3444
event001795.png,3.0575442,285.93942,168.73828
event001796.png,4.058606,723.5142,-17.274506
event001797.png,3.7160025,-250.18648,-440.53094
event001798.png,3.8531644,-402.3189,427.18954
event001799.png,2.1919708,-179.27164,-38.647625
event001800.png,4.039441,437.6029,571.911
event001801.png,3.280107,153.198,-193.25618
event001802.png,2.6943054,-180.58362,-552.8318
event001803.png,1.3770401,207.45793,683.20404
event001804.png,1.3638377,-669.427,464.44238
event001805.png,2.1817555,-501.17548,-282.48074
event001806.png,2.6905828,-295.35907,867.97925
event001807.png,2.729722,-547.9824,45.57288
event001808.png,1.9676381,-154.22452,901.77783
event001809.png,2.7458317,429.4547,-191.36371
event001810.png,3.1623619,-382.18173,-520.3373
event001811.png,0.6603126,547.3567,885.7671
event001812.png,1.0812912,-2.0020866,-566.195
event001813.png,5.0262756,289.90994,482.0775
event001814.png,0.62873244,-493.07108,-87.12178
event001815.png,1.196139,-120.41908,475.6762
event001816.png,7.220303,-803.0169,566.3327
event001817.png,3.5562418,217.57585,-662.44836
event001818.png,2.1267283,689.3883,22.9908
event001819.png,2.5891356,-506.65424,-273.02103
event001820.png,5.0782185,-229.35988,-575.39996
event001821.png,2.6156852,399.4664,-457.48984
event001822.png,1.863902,-236.39407,-862.36597
event001823.png,4.8267913,-800.1835,-510.1201
event001824.png,2.699396,-203.86551,-251.67336
event001825.png,3.7469845,-652.1786,-453.61475
event001826.png,4.88969,725.14703,29.809
event001827.png,2.8472855,-343.70663,-940.8629
event001828.png,5.4484067,12.430451,-543.38947
event001829.png,4.5304418,-705.3125,189.26558
event001830.png,4.1249766,-298.33536,241.85995
event001831.png,4.023435,-919.0178,-935.24335
event001832.png,2.7020638,224.99239,-278.77878
event001833.png,2.5005322,-175.41927,212.39526
event001834.png,0.5602969,465.3687,-419.5632
event001835.png,3.363309,857.16095,-290.96558
event001836.png,4.120864,-11.855884,-364.9765
event001837.png,2.7403858,-41.198887,222.8545
event001838.png,1.5414196,284.1902,564.809
event001839.png,3.251705,-760.04,297.847
event001840.png,0.6806974,621.4233,-326.7782
event001841.png,1.7114159,590.2101,-120.77581
event001842.png,3.8484666,-66.523895,-55.36105
event001843.png,4.197255,-848.6964,339.84103
event001844.png,2.7287693,-247.7576,140.36516
event001845.png,6.976129,334.48172,313.8262
event001846.png,1.0818048,414.03772,-452.03998
event001847.png,6.619421,55.382553,-98.78573
event001848.png,2.5245104,-193.4691,38.111805
event001849.png,3.8323414,340.71918,685.69055
event001850.png,1.7444099,964.16504,-83.62809
event001851.png,4.3539243,254.58145,-539.72064
event001852.png,2.0884473,218.21248,249.31654
event001853.png,1.0396528,-122.29125,-645.8911
event001854.png,5.0101633,-572.4258,-187.0283
event001855.png,2.8472044,-328.8106,256.87997
event001856.png,1.8848859,-787.3163,-400.25146
event001857.png,5.2267694,-617.0392,-430.45697
event001858.png,3.8069203,-194.32388,76.036415
event001859.png,2.0761108,-352.86407,811.3985
event001860.png,3.7992709,-415.65106,343.09988
event001861.png,4.5441775,-666.6394,-782.2058
event001862.png,6.0254645,-104.735,-189.47472
event001863.png,3.2576227,119.71837,573.41724
event001864.png,3.5945935,600.589,-903.151
event001865.png,3.349436,-378.15216,580.4705
event001866.png,2.1994224,-369.2673,-236.12483
event001867.png,7.026197,-15.304006,-231.60019
event001868.png,3.9040534,-160.21916,216.49272
event001869.png,5.496236,515.62854,688.68
event001870.png,2.683233,-669.1369,-770.7441
event001871.png,0.8460891,-204.33719,175.88156
event001872.png,4.6623435,197.37006,-428.80426
event001873.png,4.0412745,-750.6708,-10.456265
event001874.png,3.5919616,-93.34068,-376.17227
event001875.png,3.9251854,686.9031,372.48322
event001876.png,4.0414796,-720.6118,-499.8296
event001877.png,2.3522084,306.98108,-364.27536
event001878.png,3.4753542,-113.48299,-172.9062
event001879.png,2.159998,-789.8173,794.8004
event001880.png,3.39089,-829.4851,-522.6197
event001881.png,2.6250641,-502.42322,658.0723
event001882.png,2.196811,497.83038,-56.103333
event001883.png,0.61427915,791.29297,132.24376
event001884.png,7.293439,190.78029,-95.567024
event001885.png,3.0436966,-486.24728,-15.838304
event001886.png,2.0450227,-483.79337,-94.39212
event001887.png,2.5904448,-256.5899,243.11497
event001888.png,1.60428,-120.45606,-634.72644
event001889.png,2.480388,124.43631,436.78983
event001890.png,5.632455,-232.08737,23.981241
event001891.png,5.12625,-206.09828,122.69966
event001892.png,2.988734,-152.14406,-22.711641
event001893.png,5.27379,-13.811997,-317.30203
event001894.png,1.1498173,-107.356674,-750.80786
event001895.png,4.056294,310.59824,-162.12039
event001896.png,2.270863,300.71426,-614.74817
event001897.png,1.39329,-86.39706,-335.29312
event001898.png,3.1961362,129.07918,57.595005
event001899.png,3.6133494,2.5491362,147.11996
event001900.png,5.075967,-848.2618,122.88728
event001901.png,3.865601,-314.1456,-373.02197
event001902.png,6.427924,362.6967,318.5747
event001903.png,3.0888405,186.5074,-331.38657
event001904.png,2.6528409,-669.6269,809.91144
event001905.png,1.5442972,-639.8877,-312.29407
event001906.png,1.4269133,-368.14005,-5.144682
event001907.png,3.771041,306.21054,-426.05713
event001908.png,1.7891191,423.82187,121.48316
event001909.png,1.1290069,38.392784,-126.208305
event001910.png,4.418659,31.199335,155.79555
event001911.png,2.5116286,804.2582,-63.636257
event001912.png,6.9115324,90.14055,42.760845
event001913.png,2.4886458,-234.68697,334.67432
event001914.png,1.7579546,-557.52344,-562.2292
event001915.png,4.1850176,40.228954,292.92776
event001916.png,1.1939447,232.1625,-616.6983
event001917.png,4.0550523,503.3414,44.02049
event001918.png,2.3007843,226.6648,700.2472
event001919.png,1.8535209,178.75374,472.30798
event001920.png,3.3133183,-680.2448,182.6983
event001921.png,5.1911755,-21.036554,-325.38898
event001922.png,3.2221503,218.76239,-456.6998
event001923.png,5.217907,921.069,-528.1876
event001924.png,0.853202,580.8867,633.38513
event001925.png,4.8274517,224.70067,-649.40607
event001926.png,3.6151588,-47.006905,327.61932
event001927.png,3.895297,693.4745,473.36472
event001928.png,1.9410583,135.14175,718.0317
event001929.png,3.2111561,650.9887,828.84326
event001930.png,3.2764826,913.0115,327.05133
event001931.png,2.4806952,-116.73717,239.14307
event001932.png,5.672395,-780.1837,-264.2612
event001933.png,1.7918221,335.7735,646.8035
event001934.png,2.8471014,953.0667,-123.31646
event001935.png,5.6550827,-642.04834,-470.15433
event001936.png,2.6029518,91.33668,176.75836
event001937.png,2.9517095,954.58044,-687.68665
event001938.png,1.1513549,38.02707,572.5434
event001939.png,3.3946118,238.60884,-554.9603
event001940.png,5.8182693,548.5006,283.21838
event001941.png,3.9929662,451.4834,-800.3086
event001942.png,1.1871771,546.21204,-119.611595
event001943.png,2.1591935,399.08072,-167.4008
event001944.png,2.149276,-283.40155,33.943867
event001945.png,3.7970903,562.07135,3.9778018
event001946.png,3.1247733,-358.72214,-473.2296
event001947.png,2.1205962,-332.32596,-544.28864
event001948.png,6.0186057,771.88556,255.0851
event001949.png,3.6839836,-527.5366,413.96774
event001950.png,4.7329497,-191.99596,18.280085
event001951.png,4.751937,1.6922541,828.9989
event001952.png,2.06627,652.9179,524.3454
event001953.png,0.7271111,-282.73492,547.71643
event001954.png,5.1638985,-279.98813,512.073
event001955.png,3.3452456,-768.16034,52.095337
event001956.png,3.9853408,13.3188505,-159.12599
event001957.png,4.208265,533.55505,381.32663
event001958.png,4.415042,365.95468,-51.69509
event001959.png,1.9987799,237.19075,61.233242
event001960.png,2.7798188,346.72852,-638.3499
event001961.png,7.288476,33.871056,-577.803
event001962.png,6.400526,66.71159,-107.932045
event001963.png,2.3488314,-200.15074,-315.32925
event001964.png,5.920397,414.6465,476.99902
event001965.png,2.4868095,-41.172752,205.51129
event001966.png,2.637135,-272.21262,183.90749
event001967.png,2.7182565,-16.46409,81.49984
event001968.png,1.6874398,-543.5794,-78.31978
event001969.png,4.0943184,-606.583,-829.7746
event001970.png,1.0431896,-140.56778,-885.1366
event001971.png,4.4740996,-173.57079,-144.43527
event001972.png,0.8943557,-123.43701,-672.47766
event001973.png,5.0272465,-567.95917,-192.472
event001974.png,3.2048364,447.76663,-747.6435
event001975.png,2.3409905,-295.1073,163.75888
event001976.png,4.162211,-94.03509,314.06912
event001977.png,3.0142395,308.72452,-175.12605
event001978.png,4.131963,345.32156,-592.48737
event001979.png,3.3380625,-338.7209,-64.24061
event001980.png,3.9391341,-911.1328,-863.1268
event001981.png,2.5252361,972.5685,224.33926
event001982.png,7.340215,-332.847,516.7472
event001983.png,1.7302058,-126.59459,302.78778
event001984.png,3.0915215,-482.68268,-649.3286
event001985.png,1.408565,-64.62659,-267.24658
event001986.png,4.7164536,-532.82886,175.58366
event001987.png,2.744759,198.2079,-73.2108
event001988.png,4.2316046,-334.81226,-376.0356
event001989.png,2.4632914,-717.1586,-471.8811
event001990.png,0.90051013,-15.302863,958.2009
event001991.png,3.7641616,-437.75623,-144.41002
event001992.png,4.29294,710.96533,-688.1668
event001993.png,0.8415881,-246.18631,11.184567
event001994.png,2.1390338,-326.97293,-529.28265
event001995.png,1.5808761,-949.28125,387.26657
event001996.png,5.090881,324.29074,-241.75452
event001997.png,0.9176386,275.86462,-29.428423
event001998.png,4.723613,-447.53452,130.73328
event001999.png,5.015724,630.2761,-103.40494
